Date,Vch/Bill No,Customer Name,Service Part Name,Qty.,Unit,Price,Amount,Stock,Stock Value,Reorder Point,Last Received Material,Customer Satisfaction Rating
01-08-2024,VDS/S/204/24-25,BEUMER INDIA PRIVATE LIMITED,W.C.ASSY SK860290320,1,UNITS,1784,1784,47,83848,22,26-09-2024,8
01-08-2024,VDS/S/205/24-25,MBL INFRASTRUCTURES LIMITED,SERVICE CHARGES,,N.A.,,6000,23,0,14,23-10-2024,6
01-08-2024,VDS/S/205/24-25,RANJEET CRANE & TRAILER SERVICE,CLUTCH ASSY ST. AXLE  S7203206AS0 28%,1,UNITS,4271,4271,29,123859,15,25-08-2024,8
01-08-2024,VDS/S/205/24-25,RANJEET CRANE & TRAILER SERVICE,BEARING CLUTCH RELEASE SK100053900,1,UNITS,747,747,10,7470,22,28-09-2024,8
01-08-2024,VDS/S/205/24-25,RANJEET CRANE & TRAILER SERVICE,BALL BEARING SK220776500,1,UNITS,121,121,33,3993,13,15-09-2024,8
01-08-2024,VDS/S/205/24-25,RANJEET CRANE & TRAILER SERVICE,FREIGHT & FORWARDING CHARGES..,1,,500,500,9,4500,24,31-10-2024,8
05-08-2024,VDS/S/207/24-25,FALCON INFRATECH,IGNITION SWITCH  S7606118000,1,UNITS,637,637,44,28028,26,11-08-2024,6
05-08-2024,VDS/S/207/24-25,FALCON INFRATECH,DRUM BREATHER  SD926736A08,1,UNITS,578,578,23,13294,14,27-08-2024,6
05-08-2024,VDS/S/207/24-25,FALCON INFRATECH,ELEMENT SINGLE FUEL FILTER SK104061800,1,UNITS,421,421,46,19366,14,30-10-2024,6
05-08-2024,VDS/S/207/24-25,FALCON INFRATECH,KEY ( PAIR )  S19C8092000,1,SET,158,158,43,6794,23,05-09-2024,6
05-08-2024,VDS/S/207/24-25,FALCON INFRATECH,SERVICE CHARGES,,N.A.,,2000,25,0,11,30-08-2024,6
05-08-2024,VDS/S/208/24-25,KCC BUILDCON PRIVATE LIMITED...,W.C.ASSY SK860290320,1,UNITS,1605.6,1605.6,49,78674.4,14,22-08-2024,8
05-08-2024,VDS/S/208/24-25,KCC BUILDCON PRIVATE LIMITED...,BRAKE LINING SK860255100,8,UNITS,179.1,1432.8,45,8059.5,22,15-08-2024,8
05-08-2024,VDS/S/208/24-25,KCC BUILDCON PRIVATE LIMITED...,RIVET SK860256000,64,UNITS,8.1,518.4,37,299.7,16,07-09-2024,8
05-08-2024,VDS/S/208/24-25,KCC BUILDCON PRIVATE LIMITED...,M.C.ASSY SV194980700,2,UNITS,1982.7,3965.4,49,97152.3,25,02-08-2024,8
06-08-2024,VDS/S/209/24-25,HUMBOLDT WEDAG INDIA PVT. LTD.,LIFT CYL SEAL KIT  S7203970SK0,1,UNITS,4430,4430,30,132900,16,06-08-2024,7
06-08-2024,VDS/S/210/24-25,OMSUN INFRATECH PRIVATE LIMITED,E-SURAKSHA BS-III ENGINE OIL S7305151080,2,UNITS,3122,6244,47,146734,27,16-08-2024,7
06-08-2024,VDS/S/210/24-25,OMSUN INFRATECH PRIVATE LIMITED,SERVICE KIT 500 HRS-ESC SK002403N00,2,UNITS,2159,4318,20,43180,16,16-09-2024,7
07-08-2024,VDS/S/211/24-25,SOBHA LIMITED,SERVICE CHARGES,,N.A.,,3000,19,0,10,28-08-2024,5
07-08-2024,VDS/S/212/24-25,MAHIR ENTERPRISES,FILTER KIT BSIV 500  S73146BS451,1,UNITS,6860,6860,18,123480,28,08-10-2024,9
07-08-2024,VDS/S/212/24-25,MAHIR ENTERPRISES,AIR FILTER SAFETY S73146E2720.,1,UNITS,1091.23,1091.23,7,7638.61,16,25-08-2024,9
07-08-2024,VDS/S/212/24-25,MAHIR ENTERPRISES,ENGINE OIL 10W30 BS IV -1L S73BSIVL010,4,UNITS,365.54,1462.16,33,12062.82,24,27-09-2024,9
07-08-2024,VDS/S/212/24-25,MAHIR ENTERPRISES,ENGINE OIL 10W30 BS IV -11L S73BSIVL110,1,UNITS,4060.98,4060.98,38,154317.24,16,23-09-2024,9
09-08-2024,VDS/S/213/24-25,RAJ KUMAR CONTRACTOR,E-SURAKSHA GEAR OIL GL-4 05L S3623439050,1,UNITS,1723.3,1723.3,5,8616.5,26,10-09-2024,9
09-08-2024,VDS/S/213/24-25,RAJ KUMAR CONTRACTOR,E-SURAKSHA BS-III ENGINE OIL S7305151080,1,UNITS,2965.9,2965.9,10,29659,19,28-10-2024,9
09-08-2024,VDS/S/213/24-25,RAJ KUMAR CONTRACTOR,FILTER ELEMENT ED30  S7402795000,1,UNITS,2321.8,2321.8,11,25539.8,26,05-09-2024,9
09-08-2024,VDS/S/213/24-25,RAJ KUMAR CONTRACTOR,FILTER ELEMENT-10(F3.0823-06)S7405831010,1,UNITS,3002,3002,36,108072,19,04-08-2024,9
09-08-2024,VDS/S/213/24-25,RAJ KUMAR CONTRACTOR,FILTER ASSY ENG LUBE OIL SK103229300,1,UNITS,779,779,25,19475,12,09-08-2024,9
09-08-2024,VDS/S/214/24-25,CREATIVE MINERALS (INDIA) PVT. LTD,E-SURAKSHA GEAR OIL GL-4 05L S3623439050,1,UNITS,1814,1814,25,45350,21,03-08-2024,7
09-08-2024,VDS/S/214/24-25,CREATIVE MINERALS (INDIA) PVT. LTD,E-SURAK COM AXL OIL GL-5 15L S42B3002150,1,UNITS,4912,4912,26,127712,15,31-10-2024,7
09-08-2024,VDS/S/214/24-25,CREATIVE MINERALS (INDIA) PVT. LTD,FILTER ELEMENT-10(F3.0823-06)S7405831010,1,UNITS,3160,3160,7,22120,22,16-09-2024,7
09-08-2024,VDS/S/215/24-25,ESCORTS KUBOTA LIMITED,SERVICE CLAIM AGAINST...,,N.A.,,16000,40,0,15,29-08-2024,10
09-08-2024,VDS/S/215/24-25,ESCORTS KUBOTA LIMITED,SERVICE CLAIM AGAINST...,,N.A.,,133500,49,0,10,14-10-2024,10
09-08-2024,VDS/S/216/24-25,ESCORTS KUBOTA LIMITED,WARRANTY CLAIM AGAINST..,,N.A.,,500,40,0,10,10-08-2024,10
09-08-2024,VDS/S/216/24-25,ESCORTS KUBOTA LIMITED,WARRANTY CLAIM AGAINST..,,N.A.,,38217,28,0,23,20-10-2024,10
09-08-2024,VDS/S/217/24-25,DCM CONTAINERS & ENGINEERING PVT LTD,REAR TYRE TUBE S726394TTF0,2,UNITS,19468,38936,14,272552,12,01-09-2024,9
09-08-2024,VDS/S/217/24-25,DCM CONTAINERS & ENGINEERING PVT LTD,FREIGHT & FORWARDING CHARGES..,1,,1249,1249,14,17486,23,07-08-2024,9
09-08-2024,VDS/S/218/24-25,AMITECH PROJECTS (INDIA) PVT LTD,FILTER KIT BSIV 500  S73146BS451,1,UNITS,6300.9,6300.9,40,252036,20,28-08-2024,9
09-08-2024,VDS/S/219/24-25,A T C BUILDING MATERIALS SUPPLIER,E-SURAKSHA GEAR OIL GL-4 05L S3623439050,2,UNITS,1723.3,3446.6,37,63762.1,20,25-08-2024,8
09-08-2024,VDS/S/219/24-25,A T C BUILDING MATERIALS SUPPLIER,E-SURAK COM AXL OIL GL-5 15L S42B3002150,1,UNITS,4666.4,4666.4,36,167990.4,14,10-10-2024,8
09-08-2024,VDS/S/219/24-25,A T C BUILDING MATERIALS SUPPLIER,SERVICE CHARGES,,N.A.,,3000,35,0,22,13-08-2024,8
09-08-2024,VDS/S/220/24-25,BIRAM,FILTER T/M S7600127110,1,UNITS,3169.2,3169.2,11,34861.2,21,11-10-2024,7
09-08-2024,VDS/S/220/24-25,BIRAM,E-SURAKSHA BHL T/M OIL (10L) S9101422000,1,UNITS,3722.04,3722.04,31,115383.24,19,16-10-2024,7
12-08-2024,VDS/S/221/24-25,JBM EV INDUSTRIES PRIVATE LIMITED,FRONT TYRE TUBE S726403JTF0,1,UNITS,13122,13122,47,616734,28,13-08-2024,9
12-08-2024,VDS/S/221/24-25,JBM EV INDUSTRIES PRIVATE LIMITED,FREIGHT & FORWARDING CHARGES 28%,1,,3500,3500,16,56000,18,20-10-2024,9
13-08-2024,VDS/S/222/24-25,GIRRAJ JI STONE CRUSHERS PVT LTD,FLYWHEEL ASSY E4.312 SK105835700,1,UNITS,7212.4,7212.4,7,50486.8,23,16-09-2024,9
13-08-2024,VDS/S/222/24-25,GIRRAJ JI STONE CRUSHERS PVT LTD,RING FLY GEAR 28% SK101503200,1,UNITS,941.45,941.45,34,32009.3,20,01-08-2024,9
13-08-2024,VDS/S/222/24-25,GIRRAJ JI STONE CRUSHERS PVT LTD,OIL SEAL SK102019900,2,UNITS,176.7,353.4,14,2473.8,22,10-08-2024,9
13-08-2024,VDS/S/222/24-25,GIRRAJ JI STONE CRUSHERS PVT LTD,GASKET RRW SHAFT SK100890000,2,UNITS,13.3,26.6,29,385.7,17,15-09-2024,9
13-08-2024,VDS/S/222/24-25,GIRRAJ JI STONE CRUSHERS PVT LTD,COVER SEAL FOR TRX 1250 SK102510600,2,UNITS,526.3,1052.6,6,3157.8,19,26-09-2024,9
13-08-2024,VDS/S/222/24-25,GIRRAJ JI STONE CRUSHERS PVT LTD,SEAL OIL REAR AXLE SHAFT SK100831400,2,UNITS,194.75,389.5,27,5258.25,19,23-09-2024,9
13-08-2024,VDS/S/222/24-25,GIRRAJ JI STONE CRUSHERS PVT LTD,TAPER ROLLER BEARING SK102013000,2,UNITS,1075.4,2150.8,7,7527.8,28,04-10-2024,9
13-08-2024,VDS/S/222/24-25,GIRRAJ JI STONE CRUSHERS PVT LTD,SERVICE KIT 500 HRS-ESC SK002403N00,1,UNITS,2051.05,2051.05,9,18459.45,28,20-10-2024,9
13-08-2024,VDS/S/222/24-25,GIRRAJ JI STONE CRUSHERS PVT LTD,E-SURAKSHA BS-III ENGINE OIL S7305151080,1,UNITS,2965.9,2965.9,9,26693.1,15,23-10-2024,9
13-08-2024,VDS/S/222/24-25,GIRRAJ JI STONE CRUSHERS PVT LTD,FREIGHT & FORWARDING CHARGES..,1,,593,593,33,19569,27,20-10-2024,9
13-08-2024,VDS/S/222/24-25,GIRRAJ JI STONE CRUSHERS PVT LTD,SERVICE CHARGES,,N.A.,,6000,7,0,14,17-09-2024,9
14-08-2024,VDS/S/223/24-25,KOHLI EARTHMOVERS,CAP LOCKABLE FUEL TANK S48B1001000,1,UNITS,180.9,180.9,37,6693.3,24,06-08-2024,9
14-08-2024,VDS/S/223/24-25,KOHLI EARTHMOVERS,WASHER  S7600434000,4,UNITS,73.8,295.2,23,1697.4,19,11-08-2024,9
14-08-2024,VDS/S/223/24-25,KOHLI EARTHMOVERS,CASTLE NUT S7600435000,4,UNITS,350.1,1400.4,23,8052.3,14,29-08-2024,9
14-08-2024,VDS/S/223/24-25,KOHLI EARTHMOVERS,STUB AXLE PIN  S7600451000,2,UNITS,2730.6,5461.2,41,111954.6,23,29-10-2024,9
14-08-2024,VDS/S/223/24-25,KOHLI EARTHMOVERS,ACCELERATOR PEDAL S7600699000,1,UNITS,1827,1827,16,29232,12,05-10-2024,9
14-08-2024,VDS/S/223/24-25,KOHLI EARTHMOVERS,GAS STRUT (FRONT WINDOW) S7601239000,2,UNITS,450,900,33,14850,29,02-09-2024,9
14-08-2024,VDS/S/223/24-25,KOHLI EARTHMOVERS,THROTTLE CABLE  S76014800AM,2,UNITS,444.6,889.2,26,11559.6,27,04-08-2024,9
14-08-2024,VDS/S/223/24-25,KOHLI EARTHMOVERS,O RING S7601570640,4,UNITS,606.6,2426.4,39,23657.4,18,01-10-2024,9
14-08-2024,VDS/S/223/24-25,KOHLI EARTHMOVERS,O RING S7601570650,4,UNITS,461.7,1846.8,46,21238.2,25,18-10-2024,9
14-08-2024,VDS/S/223/24-25,KOHLI EARTHMOVERS,MASTER CYL  S7604537000,1,UNITS,3954.6,3954.6,23,90955.8,11,08-10-2024,9
14-08-2024,VDS/S/223/24-25,KOHLI EARTHMOVERS,HYDRAULIC STRAINER  S7606096000,1,UNITS,865.8,865.8,42,36363.6,11,20-10-2024,9
14-08-2024,VDS/S/223/24-25,KOHLI EARTHMOVERS,FILTER ELEMENT SPARE  S7606384000,1,UNITS,1428.3,1428.3,30,42849,20,12-10-2024,9
14-08-2024,VDS/S/223/24-25,KOHLI EARTHMOVERS,HEXAGON HEAD BOLT S9100680000,4,UNITS,354.6,1418.4,39,13829.4,28,26-10-2024,9
14-08-2024,VDS/S/223/24-25,KOHLI EARTHMOVERS,HEX NUT M20X2.5-10  S9100681000,4,UNITS,51.3,205.2,35,1795.5,13,13-09-2024,9
14-08-2024,VDS/S/223/24-25,KOHLI EARTHMOVERS,E-SURAKSHA BHL T/M OIL (10L) S9101422000,2,UNITS,3419.1,6838.2,20,68382,22,07-08-2024,9
16-08-2024,VDS/S/224/24-25,YD BUILDERS & HOTELS PVT LTD,E-SURAKSHA BHL T/M OIL (10L) S9101422000,1,UNITS,3799,3799,16,60784,19,29-08-2024,9
16-08-2024,VDS/S/225/24-25,SHAURYA EARTH MOVERS,KEY ( PAIR )  S19C8092000,1,SET,144,144,33,4752,21,06-08-2024,5
16-08-2024,VDS/S/226/24-25,CHAWLA CRANE & HEAVY LABOUR CONTRACTOR,CLUTCH CYLINDER S7302455000,1,UNITS,2786,2786,44,122584,13,27-08-2024,6
16-08-2024,VDS/S/226/24-25,CHAWLA CRANE & HEAVY LABOUR CONTRACTOR,SLAVE CYLINDER  S7302456000,1,UNITS,2122,2122,34,72148,20,21-10-2024,6
16-08-2024,VDS/S/226/24-25,CHAWLA CRANE & HEAVY LABOUR CONTRACTOR,BLOCK  S7313304000,1,UNITS,236,236,49,11564,19,03-08-2024,6
16-08-2024,VDS/S/226/24-25,CHAWLA CRANE & HEAVY LABOUR CONTRACTOR,LINK ROD  S7338649000,1,UNITS,83,83,25,2075,25,30-08-2024,6
16-08-2024,VDS/S/226/24-25,CHAWLA CRANE & HEAVY LABOUR CONTRACTOR,ROD (CLUTCH CYLINDER)  S7304124000,1,UNITS,35,35,29,1015,15,04-10-2024,6
16-08-2024,VDS/S/227/24-25,BEUMER INDIA PRIVATE LIMITED,FLEX. PIPE SK004110700,4,UNITS,161,644,8,1288,19,01-10-2024,8
16-08-2024,VDS/S/227/24-25,BEUMER INDIA PRIVATE LIMITED,SEALING WASHER SK020107150,20,UNITS,8,160,40,320,24,31-10-2024,8
16-08-2024,VDS/S/227/24-25,BEUMER INDIA PRIVATE LIMITED,BANJO BOLT SK540000170,10,UNITS,51,510,23,1173,24,21-09-2024,8
16-08-2024,VDS/S/227/24-25,BEUMER INDIA PRIVATE LIMITED,BANJO BOLT SK092000600,2,UNITS,43,86,44,1892,25,10-10-2024,8
16-08-2024,VDS/S/227/24-25,BEUMER INDIA PRIVATE LIMITED,500 HR SER. KIT FOR S4 ENG SK002400000,2,UNITS,1801,3602,46,82846,19,20-10-2024,8
16-08-2024,VDS/S/227/24-25,BEUMER INDIA PRIVATE LIMITED,WASHER SK009200090,8,UNITS,14,112,16,224,26,11-10-2024,8
16-08-2024,VDS/S/227/24-25,BEUMER INDIA PRIVATE LIMITED,W.C.ASSY SK860290320,1,UNITS,1784,1784,25,44600,22,10-10-2024,8
16-08-2024,VDS/S/227/24-25,BEUMER INDIA PRIVATE LIMITED,FREIGHT & FORWARDING CHARGES..,1,,150,150,18,2700,21,08-09-2024,8
16-08-2024,VDS/S/228/24-25,POOJA FORGE LTD,WIRE ROPE 1 Mtr S7309437000,65,UNITS,264,17160,8,2112,19,27-08-2024,9
16-08-2024,VDS/S/228/24-25,POOJA FORGE LTD,TRUNN EXTN. CYL  SV232706720,1,UNITS,50705,50705,16,811280,18,01-10-2024,9
16-08-2024,VDS/S/228/24-25,POOJA FORGE LTD,FREIGHT & FORWARDING CHARGES..,1,,1499,1499,15,22485,13,01-10-2024,9
16-08-2024,VDS/S/228/24-25,POOJA FORGE LTD,SERVICE CHARGES,,N.A.,,8000,13,0,23,09-09-2024,9
21-08-2024,VDS/S/229/24-25,JAI NAAGDEV ENGINEERING WORKSHOP & CRANE,CABIN ASSY  S7205067000,1,UNITS,159589,159589,44,7021916,22,30-09-2024,10
21-08-2024,VDS/S/230/24-25,CMR GROUP,LUBE OIL FILTER S7311111880,1,UNITS,1098,1098,17,18666,20,28-09-2024,7
21-08-2024,VDS/S/230/24-25,CMR GROUP,FUEL FILTER ASSY S7311101530,1,UNITS,2397,2397,36,86292,24,03-08-2024,7
21-08-2024,VDS/S/230/24-25,CMR GROUP,ELEMENT RETURN LINE F-15 SK002002500,1,UNITS,669,669,21,14049,10,16-09-2024,7
21-08-2024,VDS/S/230/24-25,CMR GROUP,E-SURAKSHA ENG BS III (10L) S7302151100,1,UNITS,3803,3803,23,87469,16,14-08-2024,7
21-08-2024,VDS/S/230/24-25,CMR GROUP,FREIGHT & FORWARDING CHARGES..,1,,250,250,46,11500,28,27-09-2024,7
21-08-2024,VDS/S/231/24-25,NEELKANTH BUILD-TECH,FILTER KIT BSIV 500 HR S73142BS401,2,UNITS,8051.25,16102.5,18,144922.5,19,20-10-2024,9
21-08-2024,VDS/S/231/24-25,NEELKANTH BUILD-TECH,BS IV ENGINE OIL 11.5L SN251576110,2,UNITS,4908,9816,13,63804,10,12-09-2024,9
21-08-2024,VDS/S/231/24-25,NEELKANTH BUILD-TECH,SERVICE CHARGES,,N.A.,,4000,48,0,24,07-08-2024,9
21-08-2024,VDS/S/232/24-25,JBM EV INDUSTRIES PRIVATE LIMITED,FLANGED NUT  S9100600000,2,UNITS,155,310,10,1550,21,19-10-2024,9
22-08-2024,VDS/S/233/24-25,SAGAR EARTH MOVERS,FILTER ASSY ENG LUBE OIL SK103229300,1,UNITS,820,820,48,39360,26,01-08-2024,5
22-08-2024,VDS/S/233/24-25,SAGAR EARTH MOVERS,ELEMENT SINGLE FUEL FILTER SK104061800,1,UNITS,421,421,39,16419,20,16-09-2024,5
22-08-2024,VDS/S/234/24-25,S K CRANE SERVICE,E-SURAKSHA ENG BS III (10L) S7302151100,1,UNITS,3803,3803,17,64651,15,11-09-2024,7
22-08-2024,VDS/S/234/24-25,S K CRANE SERVICE,FUEL FILTER ASSY S7311101530,1,UNITS,2397,2397,42,100674,29,08-10-2024,7
22-08-2024,VDS/S/234/24-25,S K CRANE SERVICE,LUBE OIL FILTER S7311111880,1,UNITS,1098,1098,12,13176,24,30-09-2024,7
22-08-2024,VDS/S/235/24-25,SHAMSHAD & COMPANY,ACCELERATOR CABLE 4200 MM SLB10123100,2,UNITS,5506.2,11012.4,18,99111.6,11,11-09-2024,8
23-08-2024,VDS/S/236/24-25,WILL MARINE CONTAINER SERVICE PVT LTD,E-SURAKSHA BS-III ENGINE OIL S7305151080,1,UNITS,3122,3122,27,84294,13,12-09-2024,9
23-08-2024,VDS/S/236/24-25,WILL MARINE CONTAINER SERVICE PVT LTD,SERVICE KIT 500 HRS-ESC SK002403N00,1,UNITS,2159,2159,28,60452,18,22-08-2024,9
23-08-2024,VDS/S/237/24-25,AHLUWALIA CONTRACTS INDIA LTD,WINCH ROPE-13DIA/90MT S22C3050C00,1,UNITS,21964,21964,21,461244,14,12-09-2024,9
23-08-2024,VDS/S/238/24-25,SACHIN CRANE SERVICES,E-SURAKSHA BS-III ENGINE OIL S7305151080,2,UNITS,3122,6244,9,28098,13,13-08-2024,7
23-08-2024,VDS/S/238/24-25,SACHIN CRANE SERVICES,SERVICE KIT 50 HRS SK02403E050,2,PCS,545,1090,17,9265,11,28-09-2024,7
23-08-2024,VDS/S/239/24-25,STAR WIRE INDIA LIMITED,E-SURAKSHA BS-III ENGINE OIL S7305151080,1,UNITS,3122,3122,28,87416,20,05-10-2024,6
23-08-2024,VDS/S/239/24-25,STAR WIRE INDIA LIMITED,SERVICE KIT 500 HRS-ESC SK002403N00,1,UNITS,2159,2159,48,103632,29,28-09-2024,6
23-08-2024,VDS/S/240/24-25,KCC BUILDCON PRIVATE LIMITED...,SEAL KIT STRG CYL SK002520000,1,UNITS,5392.8,5392.8,22,118641.6,17,12-10-2024,8
23-08-2024,VDS/S/241/24-25,KCC BUILDCON PRIVATE LIMITED...,BRAKE HOSE  SV194801400,1,UNITS,293.4,293.4,37,10855.8,21,27-09-2024,8
23-08-2024,VDS/S/241/24-25,KCC BUILDCON PRIVATE LIMITED...,BELT DRIVE COGGED  SK102189700,2,UNITS,185.4,370.8,10,1854,25,12-10-2024,8
24-08-2024,VDS/S/242/24-25,VANSHIKA EARTH MOVERS,GREASE NIPPLE***    SK513121000,5,UNITS,22.8,114,43,980.4,27,23-10-2024,9
24-08-2024,VDS/S/242/24-25,VANSHIKA EARTH MOVERS,FAN 24 VOLT 150 MM S7311308000,1,UNITS,1133.35,1133.35,49,55534.15,10,07-10-2024,9
24-08-2024,VDS/S/243/24-25,A K CRANES SERVICE,HOOK LATCH  SK8605926L0,2,UNITS,196.5,393,28,5502,26,21-10-2024,5
24-08-2024,VDS/S/244/24-25,ARDENT GENUINE PARTS LLP,MASTER CYL  S7604537000,1,UNITS,3906.21,3906.21,46,179685.66,16,01-10-2024,6
24-08-2024,VDS/S/245/24-25,DEV LIFTERS,ACC. PEDAL ASSY S7310463000,1,UNITS,4082.7,4082.7,48,195969.6,24,13-10-2024,6
24-08-2024,VDS/S/246/24-25,JAI NAAGDEV ENGINEERING WORKSHOP & CRANE,WINCH ASSY  S7203548000,1,UNITS,175175,175175,31,5430425,15,28-10-2024,10
24-08-2024,VDS/S/246/24-25,JAI NAAGDEV ENGINEERING WORKSHOP & CRANE,MANUAL EXT.4 PART   S7203895000,1,UNITS,62678.88,62678.88,27,1692329.76,14,19-09-2024,10
24-08-2024,VDS/S/246/24-25,JAI NAAGDEV ENGINEERING WORKSHOP & CRANE,SERVICE CHARGES,,N.A.,,25000,11,0,11,23-08-2024,10
26-08-2024,VDS/S/247/24-25,WSB PROJECTS PRIVATE LIMITED,E-SURAKSHA BS-III ENGINE OIL S7305151080,1,UNITS,3122,3122,27,84294,27,03-09-2024,7
26-08-2024,VDS/S/247/24-25,WSB PROJECTS PRIVATE LIMITED,SERVICE KIT 50 HRS SK02403E050,1,PCS,545,545,31,16895,15,29-08-2024,7
26-08-2024,VDS/S/248/24-25,G.M.ENGINEERS & FABRICATORS PVT LTD,E-SURAKSHA BS-III ENGINE OIL S7305151080,1,UNITS,3122,3122,25,78050,29,31-08-2024,8
26-08-2024,VDS/S/248/24-25,G.M.ENGINEERS & FABRICATORS PVT LTD,SERVICE KIT 500 HRS-ESC SK002403N00,1,UNITS,2159,2159,13,28067,27,12-09-2024,8
26-08-2024,VDS/S/249/24-25,BERT SERVICES PRIVATE LIMITED,LUBE OIL FILTER ELEMENT  SK026544080,1,UNITS,193,193,30,5790,10,19-09-2024,6
26-08-2024,VDS/S/249/24-25,BERT SERVICES PRIVATE LIMITED,FUEL FILTER ELEMENT  SK002026001,1,UNITS,185,185,39,7215,20,04-08-2024,6
26-08-2024,VDS/S/249/24-25,BERT SERVICES PRIVATE LIMITED,E-SURAKSHA BS-III ENGINE OIL S7305151080,1,UNITS,3122,3122,19,59318,15,28-09-2024,6
27-08-2024,VDS/S/250/24-25,S K CRANE SERVICE,E-SURA CRANE BRAKE OIL (1L) SN251002510,1,UNITS,463,463,22,10186,29,10-09-2024,7
27-08-2024,VDS/S/251/24-25,B S YADAV CRANE SERVICE (MN),ADOPTER PUMP S7302938000,1,UNITS,1483,1483,19,28177,26,30-10-2024,5
28-08-2024,VDS/S/252/24-25,MAHIR ENTERPRISES,E-SURAK COM AXL OIL GL-5 15L S42B3002150,1,UNITS,4666.4,4666.4,38,177323.2,12,13-08-2024,9
28-08-2024,VDS/S/253/24-25,BEUMER INDIA PRIVATE LIMITED,SPRING SK055215000,1,UNITS,2398,2398,27,64746,13,24-08-2024,8
28-08-2024,VDS/S/254/24-25,MOHIT ENTERPRISES,VALVE HAND CONTROL S7206625000,1,UNITS,1893.35,1893.35,10,18933.5,12,29-09-2024,9
28-08-2024,VDS/S/254/24-25,MOHIT ENTERPRISES,CAP LOCKABLE FUEL TANK S48B1001000,1,UNITS,190.95,190.95,38,7256.1,13,24-09-2024,9
29-08-2024,VDS/S/255/24-25,K B G ENGINEERS,BATTERY CUT OF SWITCH S7407461000,1,UNITS,1595,1595,8,12760,25,28-08-2024,8
29-08-2024,VDS/S/256/24-25,VANSHIKA EARTH MOVERS,BEARING SPRICAL C/P SPP10023000,1,PCS,1381,1381,45,62145,22,14-10-2024,9
29-08-2024,VDS/S/256/24-25,VANSHIKA EARTH MOVERS,STEERING CYL PIN SX00M0503J0,1,UNITS,498,498,20,9960,14,14-09-2024,9
29-08-2024,VDS/S/256/24-25,VANSHIKA EARTH MOVERS,SERVICE CHARGES,,N.A.,,1500,24,0,11,01-09-2024,9
29-08-2024,VDS/S/257/24-25,VANSHIKA EARTH MOVERS,"AIR FILTER, SAFETY  S7314277040",1,UNITS,628,628,48,30144,26,21-09-2024,9
29-08-2024,VDS/S/257/24-25,VANSHIKA EARTH MOVERS,FILTER KIT BSIV 500 HR S73142BS401,1,UNITS,8475,8475,31,262725,22,23-08-2024,9
29-08-2024,VDS/S/257/24-25,VANSHIKA EARTH MOVERS,BS IV ENGINE OIL 11.5L SN251576110,1,UNITS,4908,4908,16,78528,22,02-10-2024,9
29-08-2024,VDS/S/258/24-25,ESCORTS KUBOTA LIMITED,WARRANTY CLAIM AGAINST..,,N.A.,,500,49,0,12,18-09-2024,10
30-08-2024,VDS/S/259/24-25,SUBHASH INFRAENGINEERS PRIVATE LIMITED,OIL SEAL  S7601270010,1,UNITS,1705.25,1705.25,9,15347.25,17,15-09-2024,9
30-08-2024,VDS/S/259/24-25,SUBHASH INFRAENGINEERS PRIVATE LIMITED,O RING S7601270040,1,UNITS,104.5,104.5,42,4389,19,27-08-2024,9
30-08-2024,VDS/S/259/24-25,SUBHASH INFRAENGINEERS PRIVATE LIMITED,FILTER T/M S7600127110,2,UNITS,3169.2,6338.4,27,85568.4,18,14-08-2024,9
30-08-2024,VDS/S/259/24-25,SUBHASH INFRAENGINEERS PRIVATE LIMITED,O RING S7601270240,4,UNITS,38,152,10,380,25,28-10-2024,9
30-08-2024,VDS/S/259/24-25,SUBHASH INFRAENGINEERS PRIVATE LIMITED,TEMP SENSOR S7601270330,1,UNITS,5730.4,5730.4,24,137529.6,27,11-09-2024,9
30-08-2024,VDS/S/259/24-25,SUBHASH INFRAENGINEERS PRIVATE LIMITED,O RING S7601270170,3,UNITS,3.8,11.4,20,76,17,25-08-2024,9
30-08-2024,VDS/S/259/24-25,SUBHASH INFRAENGINEERS PRIVATE LIMITED,SNAP RING D50 S7601270610,12,UNITS,28.5,342,26,741,17,29-08-2024,9
30-08-2024,VDS/S/259/24-25,SUBHASH INFRAENGINEERS PRIVATE LIMITED,SOLENOID COIL S7601271610,2,UNITS,7194.35,14388.7,32,230219.2,21,21-10-2024,9
30-08-2024,VDS/S/259/24-25,SUBHASH INFRAENGINEERS PRIVATE LIMITED,PLUG 7/8 S7601270340,2,UNITS,17.1,34.2,7,119.7,22,30-08-2024,9
30-08-2024,VDS/S/259/24-25,SUBHASH INFRAENGINEERS PRIVATE LIMITED,FLYWHEEL TOWING PLATE 76001271350,1,Nos.,1783.15,1783.15,45,80241.75,18,30-08-2024,9
30-08-2024,VDS/S/260/24-25,ESCORTS KUBOTA LIMITED,SERVICE CLAIM AGAINST...,,N.A.,,16000,46,0,12,05-10-2024,10
31-08-2024,VDS/S/261/24-25,SHRI RAM CRANE SERVICE,"AIR FILTER, SAFETY  S7314277040",1,UNITS,596.6,596.6,45,26847,29,16-08-2024,8
31-08-2024,VDS/S/261/24-25,SHRI RAM CRANE SERVICE,FILTER KIT BSIV 500 HR S73142BS401,1,UNITS,8051.25,8051.25,29,233486.25,17,17-09-2024,8
31-08-2024,VDS/S/261/24-25,SHRI RAM CRANE SERVICE,BS IV ENGINE OIL 11.5L SN251576110,1,UNITS,4662.6,4662.6,12,55951.2,26,05-08-2024,8
31-08-2024,VDS/S/262/24-25,SHRI RAM CRANE SERVICE,ASSY.BY-PASS FILTER S7338191020,1,PCS,506.82,506.82,5,2534.1,24,05-08-2024,8
02-09-2024,VDS/S/263/24-25,S K INDUSTRIAL SAFETY SERVICE,SERVICE CHARGES,,N.A.,,1695,7,0,23,20-08-2024,7
02-09-2024,VDS/S/263/24-25,S K INDUSTRIAL SAFETY SERVICE,EMBOSSED HSRP SAFE CRANE-NB,1,Nos.,1271,1271,23,29233,20,18-08-2024,7
02-09-2024,VDS/S/264/24-25,S K INDUSTRIAL SAFETY SERVICE,SERVICE CHARGES,,N.A.,,1695,39,0,20,16-08-2024,7
02-09-2024,VDS/S/264/24-25,S K INDUSTRIAL SAFETY SERVICE,EMBOSSED HSRP SAFE CRANE-NB,1,Nos.,1271,1271,17,21607,23,11-08-2024,7
02-09-2024,VDS/S/264/24-25,S K INDUSTRIAL SAFETY SERVICE,SERVICE CHARGES,,N.A.,,1695,27,0,25,02-10-2024,7
02-09-2024,VDS/S/264/24-25,S K INDUSTRIAL SAFETY SERVICE,EMBOSSED HSRP SAFE CRANE-NB,1,Nos.,1271,1271,12,15252,25,20-08-2024,7
03-09-2024,VDS/S/266/24-25,AMITECH PROJECTS (INDIA) PVT LTD,FILTER KIT BSIV - HPNC  S73146BS452,1,UNITS,15833.7,15833.7,27,427509.9,21,07-09-2024,9
04-09-2024,VDS/S/273/24-25,PUNEET IRON AND STEEL (P) LTD.,CLUTCH ASSY ST. AXLE  S7203206AS0 28%,1,UNITS,4271,4271,40,170840,17,29-10-2024,8
04-09-2024,VDS/S/273/24-25,PUNEET IRON AND STEEL (P) LTD.,BEARING CLUTCH RELEASE SK100053900,1,UNITS,747,747,21,15687,28,29-10-2024,8
04-09-2024,VDS/S/273/24-25,PUNEET IRON AND STEEL (P) LTD.,BALL BEARING SK220776500,1,UNITS,121,121,14,1694,24,08-08-2024,8
04-09-2024,VDS/S/273/24-25,PUNEET IRON AND STEEL (P) LTD.,SERVICE KIT 500 HRS-ESC SK002403N00,1,UNITS,2159,2159,22,47498,11,11-08-2024,8
04-09-2024,VDS/S/273/24-25,PUNEET IRON AND STEEL (P) LTD.,E-SURAKSHA BS-III ENGINE OIL S7305151080,1,UNITS,3122,3122,25,78050,14,24-10-2024,8
04-09-2024,VDS/S/273/24-25,PUNEET IRON AND STEEL (P) LTD.,FREIGHT & FORWARDING CHARGES..,1,,500,500,17,8500,22,10-08-2024,8
06-09-2024,VDS/S/294/24-25,SHRI RAM CRANE SERVICE,ADBLUE 20 LTR  S73294320L0,1,PCS,1729.95,1729.95,30,51898.5,15,06-09-2024,8
06-09-2024,VDS/S/295/24-25,NIRMAL BABA CRANE SERVICE,SERVICE KIT 500 HRS-ESC SK002403N00,1,UNITS,2159,2159,31,66929,26,03-10-2024,5
07-09-2024,VDS/S/296/24-25,SUBHASH INFRAENGINEERS PRIVATE LIMITED,SEAL RING D50 S7601270620,4,UNITS,453.15,1812.6,22,9969.3,24,13-09-2024,9
07-09-2024,VDS/S/296/24-25,SUBHASH INFRAENGINEERS PRIVATE LIMITED,CLUTCH PLATE S7601270470,12,UNITS,1186.55,14238.6,37,43902.35,19,25-09-2024,9
07-09-2024,VDS/S/296/24-25,SUBHASH INFRAENGINEERS PRIVATE LIMITED,OIL SEAL S7601271000,1,UNITS,255.55,255.55,6,1533.3,15,26-09-2024,9
09-09-2024,VDS/S/297/24-25,DASHMESH ENTERPRISES,E-SURAKSHA GEAR OIL GL-4 05L S3623439050,1,UNITS,1759.58,1759.58,41,72142.78,27,03-09-2024,6
09-09-2024,VDS/S/297/24-25,DASHMESH ENTERPRISES,E-SURAKSHA BS-III ENGINE OIL S7305151080,1,UNITS,3028.34,3028.34,22,66623.48,16,29-08-2024,6
10-09-2024,VDS/S/298/24-25,MOHIT ENTERPRISES,CLUTCH COVER ASSY S7314520040,1,UNITS,9553.22,9553.22,6,57319.32,28,06-09-2024,9
10-09-2024,VDS/S/298/24-25,MOHIT ENTERPRISES,CLUTCH DISC ASSY S7314520050,1,UNITS,9099.2,9099.2,40,363968,12,27-10-2024,9
10-09-2024,VDS/S/298/24-25,MOHIT ENTERPRISES,CABLE HARNESS ASSY S7314624560,1,UNITS,1083.82,1083.82,49,53107.18,13,27-10-2024,9
10-09-2024,VDS/S/298/24-25,MOHIT ENTERPRISES,PROPELLER SHAFT PUMP S7332243000,1,UNITS,4072.08,4072.08,11,44792.88,29,22-08-2024,9
10-09-2024,VDS/S/298/24-25,MOHIT ENTERPRISES,ASSY CLUTCH RELEASE BRG HCV S73819T0920,1,UNITS,2957.24,2957.24,19,56187.56,10,11-09-2024,9
10-09-2024,VDS/S/299/24-25,JAGDISH S/O SANT RAM,DIPSTICK S7600925000,1,UNITS,275,275,38,10450,13,11-10-2024,5
11-09-2024,VDS/S/300/24-25,HUMBOLDT WEDAG INDIA PVT. LTD.,LEVER ASSY.MAIN SK102331800,1,UNITS,1570,1570,30,47100,15,25-10-2024,7
12-09-2024,VDS/S/301/24-25,ARUN CRANE AND TEMPO SERVICE,SERVICE CHARGES,,N.A.,,3000,24,0,19,23-08-2024,5
12-09-2024,VDS/S/302/24-25,MOHAMMED AHMAD,EMBOSSED HSRP LMV-NB,1,Nos.,1271,1271,25,31775,14,31-08-2024,5
13-09-2024,VDS/S/303/24-25,SHIV CRANE SERVICE,SERVICE KIT 500 HRS-ESC SK002403N00,2,UNITS,2159,4318,46,99314,20,07-10-2024,7
13-09-2024,VDS/S/303/24-25,SHIV CRANE SERVICE,E-SURAKSHA BS-III ENGINE OIL S7305151080,2,UNITS,3122,6244,43,134246,20,23-09-2024,7
16-09-2024,VDS/S/304/24-25,RAJ KUMAR CONTRACTOR,E-SURAKSHA BS-III ENGINE OIL S7305151080,1,UNITS,2965.9,2965.9,38,112704.2,25,02-10-2024,9
16-09-2024,VDS/S/304/24-25,RAJ KUMAR CONTRACTOR,BREATHER S7401348000,1,UNITS,501.6,501.6,23,11536.8,14,17-09-2024,9
16-09-2024,VDS/S/304/24-25,RAJ KUMAR CONTRACTOR,FILTER ASSY ENG LUBE OIL SK103229300,1,UNITS,779,779,35,27265,25,14-08-2024,9
16-09-2024,VDS/S/304/24-25,RAJ KUMAR CONTRACTOR,ELEMENT PRIMARY FILTER SK104002300,1,UNITS,1078.25,1078.25,32,34504,18,12-10-2024,9
16-09-2024,VDS/S/304/24-25,RAJ KUMAR CONTRACTOR,ELEMENT SINGLE FUEL FILTER SK104061800,1,UNITS,399.95,399.95,14,5599.3,24,10-08-2024,9
16-09-2024,VDS/S/305/24-25,HASAN CRANE SERVICE,E-SURAKSHA ENG BS III (10L) S7302151100,1,UNITS,3803,3803,30,114090,15,03-09-2024,7
16-09-2024,VDS/S/305/24-25,HASAN CRANE SERVICE,FUEL FILTER ASSY S7311101530,1,UNITS,2397,2397,36,86292,24,28-10-2024,7
16-09-2024,VDS/S/305/24-25,HASAN CRANE SERVICE,LUBE OIL FILTER S7311111880,1,UNITS,1098,1098,10,10980,27,15-09-2024,7
18-09-2024,VDS/S/306/24-25,BEUMER INDIA PRIVATE LIMITED,THRUST BRG SK860418000,1,UNITS,496,496,20,9920,24,24-08-2024,8
18-09-2024,VDS/S/306/24-25,BEUMER INDIA PRIVATE LIMITED,W.C.ASSY SK860290320,2,UNITS,1784,3568,25,44600,14,18-09-2024,8
18-09-2024,VDS/S/306/24-25,BEUMER INDIA PRIVATE LIMITED,E-SURA CRANE BRAKE OIL (1L) SN251002510,1,UNITS,463,463,12,5556,12,17-10-2024,8
19-09-2024,VDS/S/307/24-25,SHREE KRISHNA CONSTRUCTION,THROTTLE  ASSEMBLY S7601480000,1,UNITS,2592.55,2592.55,49,127034.95,20,04-10-2024,9
19-09-2024,VDS/S/307/24-25,SHREE KRISHNA CONSTRUCTION,BRAKE DRIVE-PLATE S7601570060,2,UNITS,4689.2,9378.4,20,93784,13,02-10-2024,9
19-09-2024,VDS/S/307/24-25,SHREE KRISHNA CONSTRUCTION,BRAKE PLATE S7601570580,6,UNITS,2533.65,15201.9,38,96278.7,14,22-09-2024,9
19-09-2024,VDS/S/307/24-25,SHREE KRISHNA CONSTRUCTION,BRAKE PLATE DRIVE S7601570590,6,UNITS,1882.9,11297.4,46,86613.4,14,13-08-2024,9
19-09-2024,VDS/S/307/24-25,SHREE KRISHNA CONSTRUCTION,O RING S7601570640,2,UNITS,640.3,1280.6,8,5122.4,10,23-08-2024,9
19-09-2024,VDS/S/307/24-25,SHREE KRISHNA CONSTRUCTION,O RING S7601570650,2,UNITS,487.35,974.7,29,14133.15,23,14-08-2024,9
19-09-2024,VDS/S/307/24-25,SHREE KRISHNA CONSTRUCTION,ACCCELERATOR CABLE  S76021540AM,1,UNITS,767.6,767.6,18,13816.8,13,12-10-2024,9
19-09-2024,VDS/S/307/24-25,SHREE KRISHNA CONSTRUCTION,MASTER CYL  S7604537000,2,UNITS,4312.05,8624.1,9,38808.45,12,17-09-2024,9
19-09-2024,VDS/S/307/24-25,SHREE KRISHNA CONSTRUCTION,E-SURAKSHA BHL AXLE OIL (20L S54B8001200,1,UNITS,7080.35,7080.35,22,155767.7,10,20-09-2024,9
20-09-2024,VDS/S/308/24-25,MOHIT ENTERPRISES,E-SURAKSHA BHL T/M OIL (10L) S9101422000,1,UNITS,3609.05,3609.05,42,151580.1,29,18-08-2024,9
20-09-2024,VDS/S/309/24-25,SEAHAWK ENTERPRISES,WASHER REV. GEAR S73819T0110,2,UNITS,451.72,903.44,29,13099.88,14,19-08-2024,8
20-09-2024,VDS/S/309/24-25,SEAHAWK ENTERPRISES,G.B.MAIN SFT SEK56003311,2,UNITS,1468.32,2936.64,20,29366.4,25,12-10-2024,8
20-09-2024,VDS/S/309/24-25,SEAHAWK ENTERPRISES,SHAFT RED UNIT SK080300150,2,UNITS,2277.92,4555.84,37,84283.04,28,23-09-2024,8
20-09-2024,VDS/S/309/24-25,SEAHAWK ENTERPRISES,BUSH DRIVEN GEAR SK100053000,2,UNITS,242.88,485.76,20,4857.6,13,26-08-2024,8
20-09-2024,VDS/S/309/24-25,SEAHAWK ENTERPRISES,GEAR SLIDE SK102000200,2,UNITS,1530.88,3061.76,28,42864.64,18,17-08-2024,8
20-09-2024,VDS/S/309/24-25,SEAHAWK ENTERPRISES,GEAR SHAFT SK102000600,2,UNITS,187.68,375.36,43,8070.24,29,05-09-2024,8
20-09-2024,VDS/S/309/24-25,SEAHAWK ENTERPRISES,GEAR BUSH SK102000900,2,UNITS,190.44,380.88,13,2475.72,28,23-10-2024,8
20-09-2024,VDS/S/309/24-25,SEAHAWK ENTERPRISES,GEAR COMPRESSOR SK400041080,2,UNITS,1746.16,3492.32,12,20953.92,24,02-09-2024,8
20-09-2024,VDS/S/310/24-25,JEET EARTH MOVERS,FILTER T/M S7600127110,1,UNITS,3169.2,3169.2,39,123598.8,11,29-09-2024,7
20-09-2024,VDS/S/310/24-25,JEET EARTH MOVERS,E-SURAKSHA BHL T/M OIL (10L) S9101422000,1,UNITS,3609.05,3609.05,14,50526.7,12,20-08-2024,7
20-09-2024,VDS/S/311/24-25,KOHLI EARTHMOVERS,FILTER T/M S7600127110,1,UNITS,3002.4,3002.4,27,81064.8,19,23-08-2024,9
20-09-2024,VDS/S/311/24-25,KOHLI EARTHMOVERS,THRUST WASHER S7602934000,2,UNITS,236.7,473.4,8,1893.6,19,20-08-2024,9
20-09-2024,VDS/S/311/24-25,KOHLI EARTHMOVERS,F-N-R SHIFTER  S7603556000,1,UNITS,7665.3,7665.3,10,76653,22,19-10-2024,9
20-09-2024,VDS/S/311/24-25,KOHLI EARTHMOVERS,E-SURAKSHA BHL T/M OIL (10L) S9101422000,1,UNITS,3419.1,3419.1,15,51286.5,21,08-10-2024,9
21-09-2024,VDS/S/312/24-25,RAMESHWAR EQUIPMENT PVT. LTD,SUCTION STAINER  SV014702100,1,UNITS,978.3,978.3,38,37175.4,14,14-08-2024,7
21-09-2024,VDS/S/312/24-25,RAMESHWAR EQUIPMENT PVT. LTD,BRG NEEDLE ROLLER SK101061900,3,UNITS,310.5,931.5,38,11799,18,14-10-2024,7
21-09-2024,VDS/S/313/24-25,VANSHIKA EARTH MOVERS,E-SURAK COM AXL OIL GL-5 15L S42B3002150,2,UNITS,4912,9824,36,176832,28,18-10-2024,9
23-09-2024,VDS/S/314/24-25,JAI JAI RAM SINGH INFRASTRUCTURE PVT LTD,FILTER ELEMENT SPARE  S7606384000,1,UNITS,1587,1587,16,25392,10,12-10-2024,6
23-09-2024,VDS/S/315/24-25,RAJ KUMAR CONTRACTOR,E-SURAKSHA HYD OIL (20L) S7303438200,1,UNITS,5142.35,5142.35,12,61708.2,22,03-09-2024,9
23-09-2024,VDS/S/316/24-25,JWIL INFRA LIMITED,ENGINE OIL 15W40 10L,1,UNITS,3627,3627,47,170469,26,24-09-2024,6
23-09-2024,VDS/S/316/24-25,JWIL INFRA LIMITED,UNIT DRIVE OIL 01L,1,UNITS,381,381,13,4953,15,24-09-2024,6
24-09-2024,VDS/S/317/24-25,GOVIND SINGH (WAZIRPUR),E-SURAKSHA BHL AXLE OIL (20L S54B8001200,1,UNITS,6708.6,6708.6,46,308595.6,28,21-08-2024,8
24-09-2024,VDS/S/317/24-25,GOVIND SINGH (WAZIRPUR),E-SURAKSHA BHL T/M OIL (10L) S9101422000,2,UNITS,3419.1,6838.2,45,153859.5,27,21-09-2024,8
24-09-2024,VDS/S/318/24-25,DEEPAK TOKAS CRANE SERVICE,SOLENOID VALVE S7302214000,1,UNITS,4629.52,4629.52,21,97219.92,15,13-08-2024,7
24-09-2024,VDS/S/318/24-25,DEEPAK TOKAS CRANE SERVICE,ENGINE PAD S7337293000,6,UNITS,716.73,4300.38,41,29385.93,27,15-10-2024,7
25-09-2024,VDS/S/319/24-25,G.M.ENGINEERS & FABRICATORS PVT LTD,E-SURAKSHA BS-III ENGINE OIL S7305151080,1,UNITS,3122,3122,20,62440,25,21-09-2024,8
25-09-2024,VDS/S/319/24-25,G.M.ENGINEERS & FABRICATORS PVT LTD,SERVICE KIT 500 HRS-ESC SK002403N00,1,UNITS,2159,2159,40,86360,15,08-09-2024,8
26-09-2024,VDS/S/320/24-25,JSP PROJECTS PRIVATE LIMITED,HYDRAULIC FILTER SK000080250,1,UNITS,548,548,22,12056,29,16-08-2024,6
26-09-2024,VDS/S/320/24-25,JSP PROJECTS PRIVATE LIMITED,FUEL FILTER ELEMENT  SK002026001,1,UNITS,185,185,32,5920,18,10-09-2024,6
26-09-2024,VDS/S/320/24-25,JSP PROJECTS PRIVATE LIMITED,LUBE OIL FILTER ELEMENT  SK026544080,1,UNITS,193,193,38,7334,27,09-10-2024,6
26-09-2024,VDS/S/320/24-25,JSP PROJECTS PRIVATE LIMITED,ELEMENT OUTER SK471130400,1,UNITS,838,838,37,31006,15,11-08-2024,6
26-09-2024,VDS/S/320/24-25,JSP PROJECTS PRIVATE LIMITED,ELEMENT INNER SK471130500,1,UNITS,556,556,28,15568,21,13-10-2024,6
26-09-2024,VDS/S/320/24-25,JSP PROJECTS PRIVATE LIMITED,SERVICE CHARGES,,N.A.,,2000,21,0,26,23-09-2024,6
27-09-2024,VDS/S/321/24-25,RAO CRANE AND FORKLIFT,ENGINE BELT (6PK)  S73146E3670,1,UNITS,938.4,938.4,12,11260.8,11,28-10-2024,7
27-09-2024,VDS/S/321/24-25,RAO CRANE AND FORKLIFT,POLY V BELT24V ENGINE S73146E3680,1,UNITS,1969.72,1969.72,25,49243,10,21-09-2024,7
27-09-2024,VDS/S/322/24-25,K B G ENGINEERS,FILTER KIT BSIV 500  S73146BS451,1,UNITS,6650.95,6650.95,14,93113.3,24,13-08-2024,8
27-09-2024,VDS/S/322/24-25,K B G ENGINEERS,AIR FILTER PRIMARY S73146E2740,1,UNITS,1060.2,1060.2,28,29685.6,23,20-08-2024,8
27-09-2024,VDS/S/322/24-25,K B G ENGINEERS,SERVICE CHARGES,,N.A.,,3000,23,0,21,09-09-2024,8
27-09-2024,VDS/S/323/24-25,FAST TRADERS,BRACKET   S7303159000,1,UNITS,845,845,20,16900,25,16-09-2024,5
28-09-2024,VDS/S/324/24-25,SUNIL TREDERS,E-SURAKSHA ENG BS III (10L) S7302151100,1,UNITS,3612.85,3612.85,34,122836.9,14,12-09-2024,8
28-09-2024,VDS/S/324/24-25,SUNIL TREDERS,AIR FILTER-PRIMARY S7303972000,1,UNITS,3671.64,3671.64,13,47731.32,14,15-08-2024,8
28-09-2024,VDS/S/324/24-25,SUNIL TREDERS,AIR FILTER-SAFETY S7303973000,1,UNITS,1239.86,1239.86,26,32236.36,11,26-08-2024,8
28-09-2024,VDS/S/324/24-25,SUNIL TREDERS,FUEL FILTER ASSY S7311101530,1,UNITS,2253.18,2253.18,49,110405.82,19,30-08-2024,8
28-09-2024,VDS/S/324/24-25,SUNIL TREDERS,LUBE OIL FILTER S7311111880,1,UNITS,1032.12,1032.12,11,11353.32,22,04-10-2024,8
28-09-2024,VDS/S/324/24-25,SUNIL TREDERS,ELEMENT RETURN LINE F-15 SK002002500,1,UNITS,628.86,628.86,19,11948.34,18,18-09-2024,8
30-09-2024,VDS/S/325/24-25,PROMPT ENTERPRISES PRIVATE LIMITED,E-SURAKSA GEAR OIL GL4 (20L) S3623439200,3,UNITS,6251.4,18754.2,12,75016.8,19,12-10-2024,9
30-09-2024,VDS/S/325/24-25,PROMPT ENTERPRISES PRIVATE LIMITED,E-SURAKSHA ENG BS III (10L) S7302151100,1,UNITS,3422.7,3422.7,19,65031.3,12,09-10-2024,9
30-09-2024,VDS/S/325/24-25,PROMPT ENTERPRISES PRIVATE LIMITED,E-SURAKSHA HYD OIL (20L) S7303438200,4,UNITS,4871.7,19486.8,21,102305.7,24,14-10-2024,9
30-09-2024,VDS/S/325/24-25,PROMPT ENTERPRISES PRIVATE LIMITED,SERVICE KIT 500 HRS-ESC SK002403N00,1,UNITS,2843.1,2843.1,16,45489.6,17,18-08-2024,9
30-09-2024,VDS/S/325/24-25,PROMPT ENTERPRISES PRIVATE LIMITED,E-SURA CRANE BRAKE OIL (1L) SN251002510,1,UNITS,431.1,431.1,19,8190.9,27,15-10-2024,9
30-09-2024,VDS/S/325/24-25,PROMPT ENTERPRISES PRIVATE LIMITED,E-SURAKSHA BHL AXLE OIL (20L S54B8001200,1,UNITS,6708.6,6708.6,41,275052.6,27,14-10-2024,9
30-09-2024,VDS/S/325/24-25,PROMPT ENTERPRISES PRIVATE LIMITED,FILTER T/M S7600127110,1,UNITS,3002.4,3002.4,37,111088.8,16,08-10-2024,9
30-09-2024,VDS/S/325/24-25,PROMPT ENTERPRISES PRIVATE LIMITED,E-SURAKSHA BHL T/M OIL (10L) S9101422000,1,UNITS,3419.1,3419.1,26,88896.6,28,01-08-2024,9
30-09-2024,VDS/S/325/24-25,PROMPT ENTERPRISES PRIVATE LIMITED,E-SURAKSHA BHL_ENGINE OIL 11LT S95005921,1,Pcs.,4052.7,4052.7,37,149949.9,26,06-10-2024,9
30-09-2024,VDS/S/325/24-25,PROMPT ENTERPRISES PRIVATE LIMITED,ELEMENT HYD.FILTER  SK001002500,1,UNITS,385.2,385.2,21,8089.2,10,11-08-2024,9
30-09-2024,VDS/S/325/24-25,PROMPT ENTERPRISES PRIVATE LIMITED,LOF CARTRIDGE SK064360100,1,UNITS,911.7,911.7,45,41026.5,22,18-09-2024,9
30-09-2024,VDS/S/325/24-25,PROMPT ENTERPRISES PRIVATE LIMITED,FUEL FILTER CARTRIGE SK422060100,1,UNITS,2438.1,2438.1,19,46323.9,20,01-09-2024,9
30-09-2024,VDS/S/325/24-25,PROMPT ENTERPRISES PRIVATE LIMITED,FUEL FILTER PRIMARY SK481170400,1,UNITS,286.2,286.2,36,10303.2,13,04-08-2024,9
30-09-2024,VDS/S/325/24-25,PROMPT ENTERPRISES PRIVATE LIMITED,AIR FILTER INNER SK641101000,1,UNITS,756.9,756.9,13,9839.7,20,24-10-2024,9
30-09-2024,VDS/S/325/24-25,PROMPT ENTERPRISES PRIVATE LIMITED,AIR FILTER OUTER SK641102000,1,UNITS,2945.7,2945.7,24,70696.8,21,04-10-2024,9
30-09-2024,VDS/S/325/24-25,PROMPT ENTERPRISES PRIVATE LIMITED,SERVICE CHARGES,,N.A.,,6000,12,0,21,12-09-2024,9
30-09-2024,VDS/S/325/24-25,PROMPT ENTERPRISES PRIVATE LIMITED,FREIGHT & FORWARDING CHARGES..,1,,2000,2000,16,32000,27,01-09-2024,9
30-09-2024,VDS/S/326/24-25,KHATU SHYAM,PIVOT BUSH S23M1001000,1,UNITS,7209,7209,7,50463,18,05-09-2024,9
30-09-2024,VDS/S/326/24-25,KHATU SHYAM,BOTTLE ASSY S7200458000,1,UNITS,204,204,41,8364,28,16-10-2024,9
30-09-2024,VDS/S/326/24-25,KHATU SHYAM,UNLOADER VALVE  S7207181000,1,UNITS,1589,1589,40,63560,11,04-09-2024,9
30-09-2024,VDS/S/326/24-25,KHATU SHYAM,PUNCHED WASHER S9100040000,1,UNITS,5,5,25,125,23,06-08-2024,9
30-09-2024,VDS/S/326/24-25,KHATU SHYAM,SPRING LOCK WASHER S9100044000,1,UNITS,3,3,5,15,10,12-10-2024,9
30-09-2024,VDS/S/326/24-25,KHATU SHYAM,GREASE NIPPLE  S9100115000,1,UNITS,10,10,28,280,27,23-08-2024,9
30-09-2024,VDS/S/326/24-25,KHATU SHYAM,SPLIT PIN 6.3X80-IS:549 S9100546000,1,UNITS,8,8,5,40,23,21-09-2024,9
30-09-2024,VDS/S/326/24-25,KHATU SHYAM,SERVICE KIT 500 HRS-ESC SK002403N00,1,UNITS,2159,2159,36,77724,10,02-10-2024,9
30-09-2024,VDS/S/326/24-25,KHATU SHYAM,WASHER SK052628000,1,UNITS,80,80,11,880,25,17-10-2024,9
30-09-2024,VDS/S/326/24-25,KHATU SHYAM,SPRING SK055215000,1,UNITS,2398,2398,40,95920,28,06-10-2024,9
30-09-2024,VDS/S/326/24-25,KHATU SHYAM,BRG WASHER SK860406000,1,UNITS,438,438,8,3504,24,15-08-2024,9
30-09-2024,VDS/S/326/24-25,KHATU SHYAM,KEY STUD  SK860408000,1,UNITS,22,22,48,1056,10,26-08-2024,9
30-09-2024,VDS/S/326/24-25,KHATU SHYAM,THRUST BRG SK860418000,1,UNITS,495,495,16,7920,17,25-10-2024,9
30-09-2024,VDS/S/326/24-25,KHATU SHYAM,NUT HEX  M36 SMNH36M2000,1,UNITS,243,243,24,5832,26,14-09-2024,9
30-09-2024,VDS/S/326/24-25,KHATU SHYAM,BRAKE VALVE SV194904400,1,UNITS,8067,8067,34,274278,28,28-09-2024,9
30-09-2024,VDS/S/326/24-25,KHATU SHYAM,M.C.ASSY SV194980700,1,UNITS,2203,2203,44,96932,25,15-09-2024,9
30-09-2024,VDS/S/326/24-25,KHATU SHYAM,TIE BOLT SV195280100,1,UNITS,1674,1674,41,68634,20,25-09-2024,9
30-09-2024,VDS/S/326/24-25,KHATU SHYAM,BEARING CAP OLD SV232738500,1,UNITS,454,454,32,14528,28,08-08-2024,9
30-09-2024,VDS/S/326/24-25,KHATU SHYAM,WASHER CAB SV194606500,1,UNITS,285,285,33,9405,29,26-10-2024,9
30-09-2024,VDS/S/326/24-25,KHATU SHYAM,SERVICE CHARGES,,N.A.,,9000,44,0,17,24-08-2024,9
30-09-2024,VDS/S/326/24-25,KHATU SHYAM,FREIGHT & FORWARDING CHARGES..,1,,900,900,37,33300,16,25-08-2024,9
01-10-2024,VDS/S/327/24-25,SHAN CRANE SERVICE,E-SURAK COM AXL OIL GL-5 15L S42B3002150,1,UNITS,4912,4912,16,78592,11,31-08-2024,7
01-10-2024,VDS/S/327/24-25,SHAN CRANE SERVICE,W.C.ASSY SK860290320,2,UNITS,1784,3568,43,76712,29,12-08-2024,7
01-10-2024,VDS/S/327/24-25,SHAN CRANE SERVICE,E-SURA CRANE BRAKE OIL (1L) SN251002510,2,UNITS,463,926,16,7408,20,17-10-2024,7
01-10-2024,VDS/S/329/24-25,PROMPT ENTERPRISES PRIVATE LIMITED,GASKET WATER PUMP SK100089200,1,UNITS,15.3,15.3,19,290.7,26,02-10-2024,9
01-10-2024,VDS/S/329/24-25,PROMPT ENTERPRISES PRIVATE LIMITED,PUMP ASSY WATER  SK102137900,1,UNITS,3567.6,3567.6,6,21405.6,22,08-08-2024,9
01-10-2024,VDS/S/329/24-25,PROMPT ENTERPRISES PRIVATE LIMITED,BELT DRIVE COGGED  SKI02189600,1,UNITS,362.7,362.7,25,9067.5,10,17-09-2024,9
01-10-2024,VDS/S/329/24-25,PROMPT ENTERPRISES PRIVATE LIMITED,BELT DRIVE COGGED  SK102189700,1,UNITS,185.4,185.4,46,8528.4,19,15-08-2024,9
01-10-2024,VDS/S/329/24-25,PROMPT ENTERPRISES PRIVATE LIMITED,FREIGHT & FORWARDING CHARGES..,1,,550,550,22,12100,14,08-09-2024,9
03-10-2024,VDS/S/330/24-25,NARAD EQUIPMENTS AND ENGINEERING,CAP LOCKABLE FUEL TANK S48B1001000,2,UNITS,190.95,381.9,41,7828.95,18,30-09-2024,8
03-10-2024,VDS/S/330/24-25,NARAD EQUIPMENTS AND ENGINEERING,FUEL STRAINER S73146E2520,1,UNITS,297.35,297.35,18,5352.3,22,05-08-2024,8
03-10-2024,VDS/S/330/24-25,NARAD EQUIPMENTS AND ENGINEERING,PRE FUEL FILTTER  S73146E2590,1,UNITS,936.7,936.7,25,23417.5,23,18-09-2024,8
03-10-2024,VDS/S/330/24-25,NARAD EQUIPMENTS AND ENGINEERING,FUEL FILTER MAIN  S73146E2640,1,UNITS,1734.7,1734.7,13,22551.1,15,25-10-2024,8
03-10-2024,VDS/S/330/24-25,NARAD EQUIPMENTS AND ENGINEERING,AIR FILTER PRIMARY S73146E2740,1,UNITS,3504.55,3504.55,21,73595.55,18,24-10-2024,8
03-10-2024,VDS/S/330/24-25,NARAD EQUIPMENTS AND ENGINEERING,"ELEMENT KIT, OIL FILTER S7338190420",1,UNITS,275.5,275.5,20,5510,16,16-10-2024,8
03-10-2024,VDS/S/330/24-25,NARAD EQUIPMENTS AND ENGINEERING,ENGINE OIL 10W30 BS IV -1L S73BSIVL010,4,UNITS,354.35,1417.4,19,6732.65,15,28-09-2024,8
03-10-2024,VDS/S/330/24-25,NARAD EQUIPMENTS AND ENGINEERING,ENGINE OIL 10W30 BS IV -11L S73BSIVL110,1,UNITS,3896.9,3896.9,43,167566.7,25,09-09-2024,8
03-10-2024,VDS/S/330/24-25,NARAD EQUIPMENTS AND ENGINEERING,ELEMENT RETURN LINE F-15 SK002002500,1,UNITS,635.55,635.55,43,27328.65,17,04-10-2024,8
04-10-2024,VDS/S/331/24-25,VANSHIKA EARTH MOVERS,BASKET ASSEMBLY LIFTING  S7311923000,1,UNITS,102595.5,102595.5,15,1538932.5,21,24-09-2024,9
07-10-2024,VDS/S/332/24-25,SHRI RAM CRANE SERVICE,STOP CABLE S7302935000.,1,UNITS,771.4,771.4,33,25456.2,11,08-08-2024,8
07-10-2024,VDS/S/332/24-25,SHRI RAM CRANE SERVICE,ELEMENT RETURN LINE F-15 SK002002500,1,UNITS,636.5,636.5,38,24187,26,09-09-2024,8
07-10-2024,VDS/S/333/24-25,MAHIR ENTERPRISES,Pneumatic Cylinder 4*4  S7369560630,1,UNITS,6703.2,6703.2,36,241315.2,26,15-08-2024,9
07-10-2024,VDS/S/334/24-25,RANJEET CRANE & TRAILER SERVICE,E-SURAKSHA BS-III ENGINE OIL S7305151080,1,UNITS,3122,3122,34,106148,19,21-10-2024,8
07-10-2024,VDS/S/334/24-25,RANJEET CRANE & TRAILER SERVICE,SERVICE KIT 500 HRS-ESC SK002403N00,1,UNITS,2159,2159,22,47498,22,20-10-2024,8
08-10-2024,VDS/S/335/24-25,VANSHIKA EARTH MOVERS,BASKET ASSEMBLY LIFTING  S7311923000,1,UNITS,102595.5,102595.5,39,4001224.5,25,21-09-2024,9
08-10-2024,VDS/S/336/24-25,SUNIL KUMAR.,E-SURAKSHA BS-III ENGINE OIL S7305151080,2,UNITS,3122,6244,9,28098,13,26-08-2024,7
08-10-2024,VDS/S/336/24-25,SUNIL KUMAR.,SERVICE KIT 500 HRS-ESC SK002403N00,2,UNITS,2159,4318,36,77724,28,04-08-2024,7
09-10-2024,VDS/S/337/24-25,JAI JAI RAMSINGH INFRASTRUCTURE PVT LTD,FILTER T/M S7600127110,1,UNITS,3336,3336,37,123432,20,13-10-2024,7
09-10-2024,VDS/S/337/24-25,JAI JAI RAMSINGH INFRASTRUCTURE PVT LTD,E-SURAKSHA BHL T/M OIL (10L) S9101422000,1,UNITS,3799,3799,43,163357,29,19-08-2024,7
09-10-2024,VDS/S/338/24-25,KCC BUILDCON PRIVATE LIMITED...,ELEMENT SINGLE FUEL FILTER SK104061800,1,UNITS,378.9,378.9,29,10988.1,23,28-08-2024,8
09-10-2024,VDS/S/338/24-25,KCC BUILDCON PRIVATE LIMITED...,FILTER ASSY LUBE OIL  SK100176000,1,UNITS,217.8,217.8,21,4573.8,29,03-09-2024,8
10-10-2024,VDS/S/339/24-25,HITECH COMPETENT BUILDERS PVT LTD,WASHER SPRING M8 S7338190070,9,UNITS,47.5,427.5,48,2280,19,26-09-2024,9
10-10-2024,VDS/S/339/24-25,HITECH COMPETENT BUILDERS PVT LTD,BOLT M8X1.25X55 S7338193280,9,UNITS,52.25,470.25,26,1358.5,16,12-10-2024,9
10-10-2024,VDS/S/339/24-25,HITECH COMPETENT BUILDERS PVT LTD,CLUTCH DISC ASSY S7314520050,1,UNITS,8360,8360,15,125400,28,17-10-2024,9
10-10-2024,VDS/S/339/24-25,HITECH COMPETENT BUILDERS PVT LTD,CLUTCH COVER ASSY S7314520040,1,UNITS,11594.75,11594.75,17,197110.75,19,13-08-2024,9
10-10-2024,VDS/S/339/24-25,HITECH COMPETENT BUILDERS PVT LTD,ASSY CLUTCH RELEASE BRG HCV S73819T0920,1,UNITS,2988.7,2988.7,12,35864.4,12,24-08-2024,9
10-10-2024,VDS/S/339/24-25,HITECH COMPETENT BUILDERS PVT LTD,FREIGHT & FORWARDING CHARGES..,1,,500,500,27,13500,29,22-10-2024,9
10-10-2024,VDS/S/339/24-25,HITECH COMPETENT BUILDERS PVT LTD,SERVICE CHARGES,,N.A.,,9000,22,0,11,20-08-2024,9
11-10-2024,VDS/S/340/24-25,JBM EV INDUSTRIES PRIVATE LIMITED,FLEX. PIPE SK004110700,4,UNITS,152.95,611.8,43,6576.85,15,22-09-2024,9
11-10-2024,VDS/S/340/24-25,JBM EV INDUSTRIES PRIVATE LIMITED,OVER FLOW PIPE SK061101000,5,UNITS,242.25,1211.25,12,2907,25,22-10-2024,9
11-10-2024,VDS/S/340/24-25,JBM EV INDUSTRIES PRIVATE LIMITED,OVER FLOW PIPE SV191100300,5,UNITS,408.5,2042.5,28,11438,18,08-10-2024,9
11-10-2024,VDS/S/341/24-25,WILL MARINE CONTAINER SERVICE PVT LTD,E-SURAKSHA ENG BS III (10L) S7302151100,1,UNITS,3803,3803,20,76060,15,29-08-2024,9
11-10-2024,VDS/S/341/24-25,WILL MARINE CONTAINER SERVICE PVT LTD,HYDRAULIC FILTER SK000080250,1,UNITS,548,548,43,23564,17,14-08-2024,9
11-10-2024,VDS/S/341/24-25,WILL MARINE CONTAINER SERVICE PVT LTD,FILTER ASSY LUBE OIL  SK100176000,1,UNITS,242,242,10,2420,17,30-09-2024,9
11-10-2024,VDS/S/341/24-25,WILL MARINE CONTAINER SERVICE PVT LTD,ELEMENT PRIMARY FILTER SK104002300,1,UNITS,1135,1135,17,19295,14,06-09-2024,9
11-10-2024,VDS/S/341/24-25,WILL MARINE CONTAINER SERVICE PVT LTD,ELEMENT SECONDARY FILT SK104002400,1,UNITS,545,545,41,22345,29,28-10-2024,9
11-10-2024,VDS/S/341/24-25,WILL MARINE CONTAINER SERVICE PVT LTD,ELEMENT SINGLE FUEL FILTER SK104061800,1,UNITS,421,421,17,7157,28,10-08-2024,9
11-10-2024,VDS/S/341/24-25,WILL MARINE CONTAINER SERVICE PVT LTD,E-SURA CRANE BRAKE OIL (1L) SN251002510,1,UNITS,479,479,7,3353,26,29-08-2024,9
11-10-2024,VDS/S/341/24-25,WILL MARINE CONTAINER SERVICE PVT LTD,SERVICE CHARGES,,N.A.,,3000,47,0,17,20-10-2024,9
11-10-2024,VDS/S/342/24-25,AMSI ENGINEER PRIVATE LIMITED,E-SURAKSHA BS-III ENGINE OIL S7305151080,1,UNITS,3122,3122,21,65562,27,11-10-2024,6
11-10-2024,VDS/S/342/24-25,AMSI ENGINEER PRIVATE LIMITED,SERVICE KIT 500 HRS-ESC SK002403N00,1,UNITS,2159,2159,45,97155,18,03-10-2024,6
15-10-2024,VDS/S/343/24-25,MOHIT ENTERPRISES,FILTER ELEMENT SPARE  S7606384000,1,UNITS,1507.65,1507.65,6,9045.9,16,09-08-2024,9
15-10-2024,VDS/S/343/24-25,MOHIT ENTERPRISES,FUEL TANK COVER  S7601693000,1,UNITS,88.35,88.35,6,530.1,24,04-10-2024,9
16-10-2024,VDS/S/344/24-25,SAMUNDER SINGH,PULLEY  S22C3108A00,1,UNITS,1788,1788,35,62580,27,02-08-2024,6
16-10-2024,VDS/S/344/24-25,SAMUNDER SINGH,CAP LOCKABLE FUEL TANK S48B1001000,1,UNITS,201,201,20,4020,22,27-09-2024,6
16-10-2024,VDS/S/344/24-25,SAMUNDER SINGH,DRAIN VALVE S7204922000,1,UNITS,235,235,35,8225,23,04-10-2024,6
16-10-2024,VDS/S/344/24-25,SAMUNDER SINGH,SERVICE KIT 500 HRS-ESC SK002403N00,1,UNITS,2159,2159,40,86360,28,02-09-2024,6
16-10-2024,VDS/S/345/24-25,CATALYST ENGINEERING SERVICES (DELHI),CLUTCH CYLINDER S7302455000,1,UNITS,2544,2544,31,78864,20,27-08-2024,8
16-10-2024,VDS/S/345/24-25,CATALYST ENGINEERING SERVICES (DELHI),SLAVE CYLINDER  S7302456000,1,UNITS,1937,1937,49,94913,20,15-10-2024,8
16-10-2024,VDS/S/346/24-25,B S YADAV CRANE SERVICES (HR),BELT DRIVE COGGED  SKI02189600,1,UNITS,445,445,15,6675,15,02-09-2024,5
16-10-2024,VDS/S/346/24-25,B S YADAV CRANE SERVICES (HR),BELT DRIVE COGGED  SK102189700,1,UNITS,199,199,35,6965,16,05-08-2024,5
16-10-2024,VDS/S/347/24-25,CATALYST ENGINEERING SERVICES (DELHI),ROPE RETRACT/EXTENSION  S22C3039000,2,UNITS,4295,8590,35,150325,23,23-09-2024,8
16-10-2024,VDS/S/348/24-25,VANSHIKA EARTH MOVERS,MAIN FILTER ASSY S7314622440,1,UNITS,4407,4407,39,171873,21,18-08-2024,9
18-10-2024,VDS/S/349/24-25,TECK LINK SALES & MARKETING PVT. LTD,IGNTION KEY S19B502300,2,UNITS,18,36,41,738,26,31-10-2024,9
18-10-2024,VDS/S/349/24-25,TECK LINK SALES & MARKETING PVT. LTD,FUEL FILTER ELEMENT  SK002026001,20,UNITS,166.5,3330,45,7492.5,28,15-09-2024,9
18-10-2024,VDS/S/349/24-25,TECK LINK SALES & MARKETING PVT. LTD,SEAL KIT STRG CYL SK002164000,4,UNITS,8361.9,33447.6,32,267580.8,29,15-08-2024,9
18-10-2024,VDS/S/349/24-25,TECK LINK SALES & MARKETING PVT. LTD,SEAL KIT LUFF CYL SK002258000,4,UNITS,11141.1,44564.4,10,111411,16,31-10-2024,9
18-10-2024,VDS/S/349/24-25,TECK LINK SALES & MARKETING PVT. LTD,SEAL KIT STRG.CYL SK002336000,4,UNITS,3099.6,12398.4,42,130183.2,27,26-10-2024,9
18-10-2024,VDS/S/349/24-25,TECK LINK SALES & MARKETING PVT. LTD,LUBE OIL FILTER ELEMENT  SK026544080,20,UNITS,173.7,3474,32,5558.4,21,19-09-2024,9
18-10-2024,VDS/S/349/24-25,TECK LINK SALES & MARKETING PVT. LTD,RRW SHAFT SK102400100,1,UNITS,6275.7,6275.7,27,169443.9,22,31-08-2024,9
18-10-2024,VDS/S/349/24-25,TECK LINK SALES & MARKETING PVT. LTD,BALL BEARING SK220787500,2,UNITS,340.2,680.4,23,7824.6,23,30-10-2024,9
18-10-2024,VDS/S/349/24-25,TECK LINK SALES & MARKETING PVT. LTD,REPAIR KIT BRK CYL SK299665070,4,UNITS,98.1,392.4,35,3433.5,12,13-08-2024,9
18-10-2024,VDS/S/349/24-25,TECK LINK SALES & MARKETING PVT. LTD,M C KIT (MAJ) SK299669010,4,UNITS,740.7,2962.8,40,29628,28,23-08-2024,9
18-10-2024,VDS/S/349/24-25,TECK LINK SALES & MARKETING PVT. LTD,CLUTCH PLATE SK851812003,6,UNITS,1803.6,10821.6,49,88376.4,25,31-08-2024,9
18-10-2024,VDS/S/349/24-25,TECK LINK SALES & MARKETING PVT. LTD,PRESSURE PLATE SK851890200,6,UNITS,2177.1,13062.6,16,34833.6,18,07-08-2024,9
18-10-2024,VDS/S/349/24-25,TECK LINK SALES & MARKETING PVT. LTD,RADIATOR ASSY SV191600810,1,UNITS,23434.2,23434.2,15,351513,17,12-10-2024,9
18-10-2024,VDS/S/349/24-25,TECK LINK SALES & MARKETING PVT. LTD,CONTROL VALVE 8/4 S19B4064000,1,UNITS,23542.2,23542.2,21,494386.2,24,17-08-2024,9
18-10-2024,VDS/S/349/24-25,TECK LINK SALES & MARKETING PVT. LTD,M.C.ASSY SV194980700,2,UNITS,1982.7,3965.4,9,17844.3,19,29-10-2024,9
18-10-2024,VDS/S/349/24-25,TECK LINK SALES & MARKETING PVT. LTD,FREIGHT & FORWARDING CHARGES..,1,,1299,1299,32,41568,29,06-09-2024,9
19-10-2024,VDS/S/350/24-25,KOHLI EARTHMOVERS,CONTROL VALVE 2 DIGMAX-II S7601259000,1,UNITS,27405.9,27405.9,40,1096236,12,01-10-2024,9
19-10-2024,VDS/S/351/24-25,SHIV SHAKTI TRADERS,"AIR FILTER, SAFETY  S7314277040",1,UNITS,596.6,596.6,46,27443.6,13,08-09-2024,8
19-10-2024,VDS/S/351/24-25,SHIV SHAKTI TRADERS,FILTER KIT BSIV 500 HR S73142BS401,1,UNITS,8051.25,8051.25,20,161025,22,19-10-2024,8
19-10-2024,VDS/S/351/24-25,SHIV SHAKTI TRADERS,FUEL STRAINER S73146E2520,1,UNITS,296.88,296.88,8,2375.04,15,13-08-2024,8
19-10-2024,VDS/S/351/24-25,SHIV SHAKTI TRADERS,DOOR LOCK HANDLE RH(KEY) S9100784000,1,UNITS,413.25,413.25,7,2892.75,19,17-09-2024,8
19-10-2024,VDS/S/351/24-25,SHIV SHAKTI TRADERS,BS IV ENGINE OIL 11.5L SN251576110,1,UNITS,4252.2,4252.2,42,178592.4,22,29-09-2024,8
19-10-2024,VDS/S/352/24-25,KOHLI EARTHMOVERS,CAP LOCKABLE FUEL TANK S48B1001000,2,UNITS,180.9,361.8,37,6693.3,12,11-08-2024,9
19-10-2024,VDS/S/352/24-25,KOHLI EARTHMOVERS,THRUST WASHER S7600061000,2,UNITS,66.6,133.2,16,1065.6,19,16-08-2024,9
19-10-2024,VDS/S/352/24-25,KOHLI EARTHMOVERS,THRUST WASHER S7600062000,4,UNITS,38.7,154.8,20,774,27,05-10-2024,9
19-10-2024,VDS/S/352/24-25,KOHLI EARTHMOVERS,THRUST WASHER S7600063000,2,UNITS,54.9,109.8,40,2196,13,25-10-2024,9
19-10-2024,VDS/S/352/24-25,KOHLI EARTHMOVERS,CASTLE NUT S7600435000,2,UNITS,350.1,700.2,47,16454.7,16,22-10-2024,9
19-10-2024,VDS/S/352/24-25,KOHLI EARTHMOVERS,STUB AXLE PIN  S7600451000,2,UNITS,2730.6,5461.2,23,62803.8,15,08-09-2024,9
19-10-2024,VDS/S/352/24-25,KOHLI EARTHMOVERS,GAS STRUT (FRONT WINDOW) S7601239000,2,UNITS,450,900,8,3600,25,19-09-2024,9
19-10-2024,VDS/S/352/24-25,KOHLI EARTHMOVERS,RING NUT M40X1.5 S7601570240,2,UNITS,240.3,480.6,32,7689.6,19,15-10-2024,9
19-10-2024,VDS/S/352/24-25,KOHLI EARTHMOVERS,O RING  S7601570400,4,UNITS,95.4,381.6,48,4579.2,15,15-09-2024,9
19-10-2024,VDS/S/352/24-25,KOHLI EARTHMOVERS,O RING S7601570640,2,UNITS,606.6,1213.2,33,20017.8,24,24-10-2024,9
19-10-2024,VDS/S/352/24-25,KOHLI EARTHMOVERS,O RING S7601570650,2,UNITS,461.7,923.4,21,9695.7,29,24-09-2024,9
19-10-2024,VDS/S/352/24-25,KOHLI EARTHMOVERS,O RING S7601570720,4,UNITS,108.9,435.6,5,544.5,19,28-09-2024,9
19-10-2024,VDS/S/352/24-25,KOHLI EARTHMOVERS,THRUST WASHER S7603384000,2,UNITS,66.6,133.2,6,399.6,27,20-10-2024,9
19-10-2024,VDS/S/352/24-25,KOHLI EARTHMOVERS,MASTER CYL  S7604537000,1,UNITS,3279.6,3279.6,14,45914.4,17,11-09-2024,9
19-10-2024,VDS/S/353/24-25,VIRENDER SINGH YADAV,E-SURAK COM AXL OIL GL-5 15L S42B3002150,1,UNITS,4912,4912,22,108064,20,02-08-2024,6
19-10-2024,VDS/S/354/24-25,K R ENTERPRISES.,PROPELLER SHAFT S7334499000,1,UNITS,4868.55,4868.55,37,180136.35,24,29-08-2024,7
19-10-2024,VDS/S/354/24-25,K R ENTERPRISES.,BELT DRIVE B1244  SK103204200,1,UNITS,1540.08,1540.08,48,73923.84,17,28-08-2024,7
19-10-2024,VDS/S/355/24-25,AVON TUBETECH PRIVATE LIMITED,BRAKE ACTUATOR 24/24 S7210745000,1,Pcs.,6906,6906,25,172650,21,18-09-2024,8
19-10-2024,VDS/S/355/24-25,AVON TUBETECH PRIVATE LIMITED,E-SURAKSHA BS-III ENGINE OIL S7305151080,1,UNITS,3122,3122,8,24976,18,26-09-2024,8
19-10-2024,VDS/S/355/24-25,AVON TUBETECH PRIVATE LIMITED,HORN 12V  S7334186000 (S7602772000),1,UNITS,200,200,24,4800,16,03-10-2024,8
19-10-2024,VDS/S/355/24-25,AVON TUBETECH PRIVATE LIMITED,500 HR SER. KIT FOR S4 ENG SK002400000,1,UNITS,1801,1801,49,88249,18,30-08-2024,8
19-10-2024,VDS/S/355/24-25,AVON TUBETECH PRIVATE LIMITED,CAP FUEL TANK SK050602000,1,UNITS,135,135,43,5805,12,21-09-2024,8
19-10-2024,VDS/S/355/24-25,AVON TUBETECH PRIVATE LIMITED,M.C.ASSY SV194980700,1,UNITS,2203,2203,20,44060,16,12-09-2024,8
19-10-2024,VDS/S/355/24-25,AVON TUBETECH PRIVATE LIMITED,FREIGHT & FORWARDING CHARGES..,1,,800,800,25,20000,12,26-10-2024,8
19-10-2024,VDS/S/355/24-25,AVON TUBETECH PRIVATE LIMITED,SERVICE CHARGES,,N.A.,,3000,36,0,13,06-09-2024,8
19-10-2024,VDS/S/356/24-25,ZAKIR EARTH MOVERS,VENT CAP (BREATHER) S36200433A8,1,UNITS,485,485,40,19400,15,12-09-2024,6
19-10-2024,VDS/S/356/24-25,ZAKIR EARTH MOVERS,SCREEN FILTER SS/NYLON- S36F3026A00,1,UNITS,291,291,11,3201,16,20-09-2024,6
19-10-2024,VDS/S/356/24-25,ZAKIR EARTH MOVERS,ROCKER SWITCH (ON-OFF-ON) S7337704000,1,UNITS,440,440,19,8360,17,04-10-2024,6
19-10-2024,VDS/S/356/24-25,ZAKIR EARTH MOVERS,HYD. BREATHER SD233327A00,1,UNITS,1095,1095,33,36135,11,26-08-2024,6
19-10-2024,VDS/S/356/24-25,ZAKIR EARTH MOVERS,SUCTION STRAINER SD557506000,1,UNITS,1766,1766,23,40618,26,26-08-2024,6
19-10-2024,VDS/S/356/24-25,ZAKIR EARTH MOVERS,DRUM BREATHER  SD926736A08,1,UNITS,578,578,44,25432,21,01-10-2024,6
19-10-2024,VDS/S/357/24-25,OM EARTH MOVERS (SOHNA),PIPE DIPSTICK S7600924000,1,UNITS,1271,1271,20,25420,10,14-08-2024,5
19-10-2024,VDS/S/357/24-25,OM EARTH MOVERS (SOHNA),DIPSTICK S7600925000,1,UNITS,275,275,8,2200,29,19-08-2024,5
19-10-2024,VDS/S/357/24-25,OM EARTH MOVERS (SOHNA),H.H SCREW M8 X 30 S9100061000,2,PCS,12,24,41,492,22,10-10-2024,5
19-10-2024,VDS/S/357/24-25,OM EARTH MOVERS (SOHNA),LOCK WASHER S9100108000,2,UNITS,2,4,11,22,17,12-08-2024,5
19-10-2024,VDS/S/357/24-25,OM EARTH MOVERS (SOHNA),O RING S9100117000,1,UNITS,24,24,33,792,22,07-08-2024,5
19-10-2024,VDS/S/357/24-25,OM EARTH MOVERS (SOHNA),O RING SV055122000,1,UNITS,30,30,8,240,23,05-10-2024,5
22-10-2024,VDS/S/358/24-25,RAMESHWAR EQUIPMENT PVT. LTD,PLUNGER SK860222000,10,UNITS,107.1,1071,47,5033.7,21,30-08-2024,7
22-10-2024,VDS/S/358/24-25,RAMESHWAR EQUIPMENT PVT. LTD,SUCTION STAINER  SV014702100,4,UNITS,978.3,3913.2,15,14674.5,20,14-10-2024,7
22-10-2024,VDS/S/359/24-25,NMF EQUIPMENT AND PLANTS PVT LTD,E-SURAKSHA BS-III ENGINE OIL S7305151080,1,UNITS,2965.9,2965.9,12,35590.8,15,14-10-2024,6
22-10-2024,VDS/S/359/24-25,NMF EQUIPMENT AND PLANTS PVT LTD,SERVICE KIT 500 HRS-ESC SK002403N00,1,UNITS,2051.05,2051.05,45,92297.25,24,24-10-2024,6
22-10-2024,VDS/S/360/24-25,KAVITA PROP. GAURAV CRANE SERVICES,SEAL OIL REAR AXLE SHAFT SK100831400,2,UNITS,205,410,10,2050,22,26-08-2024,7
22-10-2024,VDS/S/360/24-25,KAVITA PROP. GAURAV CRANE SERVICES,GASKET RRW SHAFT SK100890000,2,UNITS,14,28,17,238,13,09-09-2024,7
22-10-2024,VDS/S/360/24-25,KAVITA PROP. GAURAV CRANE SERVICES,TAPER ROLLER BEARING SK102013000,2,UNITS,1132,2264,30,33960,26,13-10-2024,7
22-10-2024,VDS/S/360/24-25,KAVITA PROP. GAURAV CRANE SERVICES,OIL SEAL SK102019900,2,UNITS,186,372,44,8184,25,01-10-2024,7
22-10-2024,VDS/S/360/24-25,KAVITA PROP. GAURAV CRANE SERVICES,SERVICE CHARGES,,N.A.,,3000,32,0,12,10-09-2024,7
23-10-2024,VDS/S/361/24-25,WILL MARINE CONTAINER SERVICE PVT LTD,BRAKE ACTUATOR LH S7206627000,1,UNITS,7466,7466,32,238912,19,11-10-2024,9
23-10-2024,VDS/S/361/24-25,WILL MARINE CONTAINER SERVICE PVT LTD,BRAKE ACTUATOR RH S7206628000,1,UNITS,7466,7466,7,52262,18,07-09-2024,9
23-10-2024,VDS/S/361/24-25,WILL MARINE CONTAINER SERVICE PVT LTD,SLAVE CYL SV162576000,2,UNITS,732,1464,40,29280,15,06-09-2024,9
23-10-2024,VDS/S/361/24-25,WILL MARINE CONTAINER SERVICE PVT LTD,AIR CYLINDER SV194901400,1,UNITS,6581,6581,41,269821,16,07-09-2024,9
23-10-2024,VDS/S/361/24-25,WILL MARINE CONTAINER SERVICE PVT LTD,M.C.ASSY SV194980700,1,UNITS,2203,2203,13,28639,23,14-08-2024,9
23-10-2024,VDS/S/361/24-25,WILL MARINE CONTAINER SERVICE PVT LTD,FREIGHT & FORWARDING CHARGES..,1,,500,500,27,13500,14,08-08-2024,9
23-10-2024,VDS/S/361/24-25,WILL MARINE CONTAINER SERVICE PVT LTD,SERVICE CHARGES,,N.A.,,4500,18,0,12,22-09-2024,9
23-10-2024,VDS/S/362/24-25,JBM EV INDUSTRIES PRIVATE LIMITED,PUNCHED WASHER S9100040000,20,UNITS,4.75,95,27,128.25,19,18-10-2024,9
23-10-2024,VDS/S/362/24-25,JBM EV INDUSTRIES PRIVATE LIMITED,HYDRAULIC FILTER SK000080250,1,UNITS,520.6,520.6,42,21865.2,27,13-08-2024,9
23-10-2024,VDS/S/362/24-25,JBM EV INDUSTRIES PRIVATE LIMITED,500 HR SER. KIT FOR S4 ENG SK002400000,2,UNITS,1710.95,3421.9,14,23953.3,10,28-09-2024,9
23-10-2024,VDS/S/362/24-25,JBM EV INDUSTRIES PRIVATE LIMITED,SEAL OIL REAR AXLE SHAFT SK100831400,1,UNITS,194.75,194.75,48,9348,22,21-08-2024,9
23-10-2024,VDS/S/362/24-25,JBM EV INDUSTRIES PRIVATE LIMITED,E-SURAKSA GEAR OIL GL4 (20L) S3623439200,3,UNITS,6598.7,19796.1,21,138572.7,17,02-08-2024,9
23-10-2024,VDS/S/362/24-25,JBM EV INDUSTRIES PRIVATE LIMITED,E-SURAKSHA HYD OIL (20L) S7303438200,4,UNITS,5142.35,20569.4,28,143985.8,19,06-10-2024,9
23-10-2024,VDS/S/362/24-25,JBM EV INDUSTRIES PRIVATE LIMITED,GASKET RRW SHAFT SK100890000,1,UNITS,13.3,13.3,17,226.1,28,01-09-2024,9
23-10-2024,VDS/S/362/24-25,JBM EV INDUSTRIES PRIVATE LIMITED,TAPER ROLLER BEARING SK102013000,1,UNITS,1075.4,1075.4,13,13980.2,18,04-08-2024,9
23-10-2024,VDS/S/362/24-25,JBM EV INDUSTRIES PRIVATE LIMITED,OIL SEAL SK102019900,1,UNITS,176.7,176.7,36,6361.2,25,31-08-2024,9
23-10-2024,VDS/S/362/24-25,JBM EV INDUSTRIES PRIVATE LIMITED,ELEMENT OUTER SK471130400,1,UNITS,796.1,796.1,45,35824.5,24,14-08-2024,9
23-10-2024,VDS/S/362/24-25,JBM EV INDUSTRIES PRIVATE LIMITED,ELEMENT INNER SK471130500,1,UNITS,528.2,528.2,42,22184.4,18,24-09-2024,9
23-10-2024,VDS/S/362/24-25,JBM EV INDUSTRIES PRIVATE LIMITED,BANJO BOLT  ST540000170,6,UNITS,48.45,290.7,36,1744.2,12,14-09-2024,9
24-10-2024,VDS/S/363/24-25,RAPID INFRA EQUIPMENTS,SERVICE CHARGES,,N.A.,,3500,41,0,27,12-10-2024,6
24-10-2024,VDS/S/364/24-25,SUNIL TREDERS,INDICATOR BOOM LIGHT S7206004000,1,UNITS,234,234,28,6552,17,28-10-2024,8
24-10-2024,VDS/S/365/24-25,MOHIT ENTERPRISES,FILTER KIT BSIV 500  S73146BS451,1,UNITS,7315.95,7315.95,13,95107.35,20,10-08-2024,9
24-10-2024,VDS/S/365/24-25,MOHIT ENTERPRISES,ENGINE OIL 10W30 BS IV -1L S73BSIVL010,4,UNITS,389.5,1558,42,16359,13,26-10-2024,9
24-10-2024,VDS/S/365/24-25,MOHIT ENTERPRISES,ENGINE OIL 10W30 BS IV -11L S73BSIVL110,1,UNITS,4286.4,4286.4,9,38577.6,29,18-09-2024,9
24-10-2024,VDS/S/365/24-25,MOHIT ENTERPRISES,METAL FASTNER SPP10562000,2,UNITS,105.45,210.9,8,843.6,19,14-08-2024,9
24-10-2024,VDS/S/365/24-25,MOHIT ENTERPRISES,SERVICE CHARGES,,N.A.,,2500,21,0,14,14-09-2024,9
24-10-2024,VDS/S/366/24-25,ASTHA HYDRA AND GENERATOR SERVICE,CLUTCH CYLINDER S7302455000,1,UNITS,2954,2954,29,85666,18,06-09-2024,5
24-10-2024,VDS/S/367/24-25,JAI JAI RAM SINGH INFRASTRUCTURE PVT LTD,RELAY 24V SPP10950000,1,UNITS,194,194,13,2522,23,18-10-2024,6
24-10-2024,VDS/S/368/24-25,MAHIR ENTERPRISES,WIRE ROPE DIA 10 6X19 S22C3067C00,1,UNITS,1475.35,1475.35,13,19179.55,22,24-09-2024,9
24-10-2024,VDS/S/368/24-25,MAHIR ENTERPRISES,FUEL STRAINER S73146E2520,1,UNITS,297.35,297.35,37,11001.95,11,19-09-2024,9
24-10-2024,VDS/S/368/24-25,MAHIR ENTERPRISES,PRE FUEL FILTTER  S73146E2590,1,UNITS,936.7,936.7,16,14987.2,12,12-08-2024,9
24-10-2024,VDS/S/368/24-25,MAHIR ENTERPRISES,FUEL FILTER MAIN  S73146E2640,1,UNITS,1734.7,1734.7,18,31224.6,28,14-09-2024,9
24-10-2024,VDS/S/368/24-25,MAHIR ENTERPRISES,HEX SOCKET HEAD S9100190000,8,UNITS,25.65,205.2,17,436.05,26,07-09-2024,9
24-10-2024,VDS/S/368/24-25,MAHIR ENTERPRISES,HEX NUT(3/8 UNF) S9100420000,8,UNITS,6.65,53.2,27,179.55,14,22-10-2024,9
24-10-2024,VDS/S/368/24-25,MAHIR ENTERPRISES,TORQUE NUT -M-10 S9100617000,8,UNITS,13.3,106.4,26,345.8,24,30-08-2024,9
24-10-2024,VDS/S/368/24-25,MAHIR ENTERPRISES,"BOLT HEX - 3/8"" UNF S9101216000",8,UNITS,28.5,228,18,513,28,21-09-2024,9
26-10-2024,VDS/S/384/24-25,LARSEN & TOUBRO LIMITED (JK),CLUTCH CABLE  S7301788000,1,UNITS,5750,5750,17,97750,22,26-08-2024,9
26-10-2024,VDS/S/384/24-25,LARSEN & TOUBRO LIMITED (JK),CLUTCH DISC ASSY S7314520050,1,UNITS,9680,9680,34,329120,24,07-08-2024,9
26-10-2024,VDS/S/384/24-25,LARSEN & TOUBRO LIMITED (JK),A2B LIMIT SWITCH S7306685010,1,UNITS,16318,16318,44,717992,16,18-09-2024,9
26-10-2024,VDS/S/384/24-25,LARSEN & TOUBRO LIMITED (JK),BELT S7338192210,2,UNITS,988,1976,26,25688,29,28-09-2024,9
26-10-2024,VDS/S/384/24-25,LARSEN & TOUBRO LIMITED (JK),FILTER KIT-1000 HRS  S733819K110,2,UNITS,8243,16486,5,41215,22,27-10-2024,9
26-10-2024,VDS/S/384/24-25,LARSEN & TOUBRO LIMITED (JK),ELEMENT RETURN LINE F-15 SK002002500,2,UNITS,669,1338,29,19401,10,01-08-2024,9
26-10-2024,VDS/S/384/24-25,LARSEN & TOUBRO LIMITED (JK),HORN 24V  S7334187000,2,UNITS,236,472,20,4720,28,10-09-2024,9
26-10-2024,VDS/S/384/24-25,LARSEN & TOUBRO LIMITED (JK),HOOK LATCH  SK8605926L0,4,UNITS,197,788,48,9456,24,12-09-2024,9
26-10-2024,VDS/S/384/24-25,LARSEN & TOUBRO LIMITED (JK),HYD. PUMP  SV193280210,1,UNITS,16841,16841,8,134728,23,10-08-2024,9
26-10-2024,VDS/S/384/24-25,LARSEN & TOUBRO LIMITED (JK),PROPELLER SHAFT S7305659000,1,UNITS,34184,34184,12,410208,22,25-10-2024,9
26-10-2024,VDS/S/384/24-25,LARSEN & TOUBRO LIMITED (JK),HEAD LAMP ASSY. S7302267000,2,UNITS,1298,2596,22,28556,27,01-09-2024,9
26-10-2024,VDS/S/384/24-25,LARSEN & TOUBRO LIMITED (JK),STOP CABLE S7302935000.,2,UNITS,809,1618,15,12135,16,24-08-2024,9
26-10-2024,VDS/S/384/24-25,LARSEN & TOUBRO LIMITED (JK),TAIL LAMP S7310939000,2,UNITS,926,1852,28,25928,18,17-10-2024,9
26-10-2024,VDS/S/384/24-25,LARSEN & TOUBRO LIMITED (JK),TAIL LAMP S7310940000,2,UNITS,911,1822,37,33707,24,01-09-2024,9
26-10-2024,VDS/S/384/24-25,LARSEN & TOUBRO LIMITED (JK),PROPELLER SHAFT (PUMP) S7303794000,1,UNITS,4574,4574,27,123498,17,11-10-2024,9
26-10-2024,VDS/S/384/24-25,LARSEN & TOUBRO LIMITED (JK),FREIGHT & FORWARDING CHARGES 28%,1,,420,420,8,3360,24,12-09-2024,9
26-10-2024,VDS/S/384/24-25,LARSEN & TOUBRO LIMITED (JK),FREIGHT & FORWARDING CHARGES..,1,,4579,4579,41,187739,29,14-10-2024,9
26-10-2024,VDS/S/385/24-25,L G CRANE SERVICE,GLASS REAR SIDE S7205070000,1,UNITS,1359,1359,23,31257,20,26-09-2024,5
26-10-2024,VDS/S/385/24-25,L G CRANE SERVICE,GLASS FRONT WINDOW S7205072000,1,UNITS,1213,1213,35,42455,29,28-09-2024,5
26-10-2024,VDS/S/386/24-25,RAO CRANE AND FORKLIFT,PROPELLER SHAFT PUMP S7332243000,1,UNITS,3985.44,3985.44,29,115577.76,18,08-09-2024,7
26-10-2024,VDS/S/386/24-25,RAO CRANE AND FORKLIFT,RADIATOR FAN 28%  S7338192030.,1,PCS,3558.56,3558.56,47,167252.32,26,07-10-2024,7
26-10-2024,VDS/S/387/24-25,AMRIT ENTERPRISES,SLAVE CYLINDER  S7302456000,1,UNITS,2226.5,2226.5,32,71248,21,03-09-2024,5
28-10-2024,VDS/S/388/24-25,S S TRADERS,E-SURAKSHA BS-III ENGINE OIL S7305151080,1,UNITS,3012.82,3012.82,12,36153.84,24,01-08-2024,8
28-10-2024,VDS/S/388/24-25,S S TRADERS,BREATHER S7401348000,1,UNITS,501.6,501.6,8,4012.8,16,27-10-2024,8
28-10-2024,VDS/S/388/24-25,S S TRADERS,FILTER ELEMENT ED30  S7402795000,1,UNITS,2321.8,2321.8,19,44114.2,27,24-08-2024,8
28-10-2024,VDS/S/388/24-25,S S TRADERS,FILTER ELEMENT-10(F3.0823-06)S7405831010,1,UNITS,3002,3002,38,114076,15,02-09-2024,8
28-10-2024,VDS/S/388/24-25,S S TRADERS,DRUM BREATHER  SD926736A08,1,UNITS,549.1,549.1,31,17022.1,18,28-10-2024,8
28-10-2024,VDS/S/388/24-25,S S TRADERS,FILTER ASSY ENG LUBE OIL SK103229300,1,UNITS,779,779,40,31160,15,13-10-2024,8
28-10-2024,VDS/S/388/24-25,S S TRADERS,ELEMENT PRIMARY FILTER SK104002300,1,UNITS,1078.25,1078.25,7,7547.75,24,22-09-2024,8
28-10-2024,VDS/S/388/24-25,S S TRADERS,ELEMENT SECONDARY FILT SK104002400,1,UNITS,517.75,517.75,44,22781,13,26-08-2024,8
28-10-2024,VDS/S/388/24-25,S S TRADERS,ELEMENT SINGLE FUEL FILTER SK104061800,1,UNITS,399.95,399.95,11,4399.45,14,23-10-2024,8
28-10-2024,VDS/S/389/24-25,S B CARGO MOVERS,E-SURAKSHA BS-III ENGINE OIL S7305151080,2,UNITS,3122,6244,38,118636,28,28-09-2024,8
28-10-2024,VDS/S/389/24-25,S B CARGO MOVERS,SERVICE KIT 500 HRS-ESC SK002403N00,2,UNITS,2159,4318,22,47498,10,21-09-2024,8
28-10-2024,VDS/S/389/24-25,S B CARGO MOVERS,SEAL OIL REAR AXLE SHAFT SK100831400,1,UNITS,205,205,5,1025,23,16-09-2024,8
28-10-2024,VDS/S/389/24-25,S B CARGO MOVERS,GASKET RRW SHAFT SK100890000,1,UNITS,14,14,46,644,11,25-09-2024,8
28-10-2024,VDS/S/389/24-25,S B CARGO MOVERS,TAPER ROLLER BEARING SK102013000,1,UNITS,1132,1132,26,29432,16,01-09-2024,8
28-10-2024,VDS/S/389/24-25,S B CARGO MOVERS,OIL SEAL SK102019900,1,UNITS,186,186,22,4092,21,12-09-2024,8
28-10-2024,VDS/S/389/24-25,S B CARGO MOVERS,SERVICE CHARGES,,N.A.,,3000,36,0,15,10-10-2024,8
28-10-2024,VDS/S/390/24-25,WSB PROJECTS PRIVATE LIMITED,E-SURAKSHA BS-III ENGINE OIL S7305151080,1,UNITS,3122,3122,40,124880,22,04-09-2024,7
28-10-2024,VDS/S/390/24-25,WSB PROJECTS PRIVATE LIMITED,SERVICE KIT 500 HRS-ESC SK002403N00,1,UNITS,2159,2159,15,32385,14,25-09-2024,7
28-10-2024,VDS/S/391/24-25,JAI JAI RAM SINGH INFRASTRUCTURE PVT LTD,SERVICE CHARGES,,N.A.,,3000,17,0,27,29-08-2024,6
29-10-2024,VDS/S/403/24-25,YD BUILDERS & HOTELS PVT LTD,HYDRAULIC SUCTION STRAINER  SLB10107090,1,UNITS,7365,7365,25,184125,24,30-09-2024,9
29-10-2024,VDS/S/403/24-25,YD BUILDERS & HOTELS PVT LTD,HYDRAULIC RETURN LINE FILTER SLB10122970,1,UNITS,3740,3740,42,157080,29,24-10-2024,9
29-10-2024,VDS/S/403/24-25,YD BUILDERS & HOTELS PVT LTD,PUMP PHP20.19D  SLB10524880,1,UNITS,51849,51849,34,1762866,10,26-10-2024,9
29-10-2024,VDS/S/403/24-25,YD BUILDERS & HOTELS PVT LTD,SERVICE CHARGES,,N.A.,,3500,47,0,14,25-10-2024,9
29-10-2024,VDS/S/404/24-25,SATYENDRA SINGH,ACCELERATOR PEDAL S7600699000,1,UNITS,2030,2030,49,99470,15,26-08-2024,5
29-10-2024,VDS/S/404/24-25,SATYENDRA SINGH,ACCCELERATOR CABLE  S76021540AM,1,UNITS,809,809,15,12135,25,13-10-2024,5
30-10-2024,VDS/S/412/24-25,YD BUILDERS & HOTELS PVT LTD,SERVICE CHARGES,,N.A.,,3500,8,0,13,19-10-2024,9
30-10-2024,VDS/S/413/24-25,SHRI RADHEY MINES PRIVATE LIMITED,E-SURAKSHA BS-III ENGINE OIL S7305151080,1,UNITS,3122,3122,41,128002,10,30-08-2024,6
30-10-2024,VDS/S/413/24-25,SHRI RADHEY MINES PRIVATE LIMITED,SERVICE KIT 50 HRS SK02403E050,1,PCS,545,545,20,10900,29,01-10-2024,6
